USE school_management;

SET FOREIGN_KEY_CHECKS = 0;

TRUNCATE TABLE Users;
TRUNCATE TABLE Staff;
TRUNCATE TABLE Student;
TRUNCATE TABLE Salary;
TRUNCATE TABLE Subject;
TRUNCATE TABLE Fee;
TRUNCATE TABLE Course_Section;
TRUNCATE TABLE Student_Enrollment;
TRUNCATE TABLE Room;
TRUNCATE TABLE Schedule;


INSERT INTO Users (id, email, password_hash, role) VALUES
('5b50cf36-373a-4681-934b-3eca320d9573', 'ntmthu3110@gmail.com', '$2a$10$N9qo8uLOickgx2ZMRZoMyeIjZAgcfl7p92ldGxad68LJZdL17lhWy', 'Admin'),
('c2b01cfb-f702-47fc-8fe5-03a2290432e4', 'admin2@hcmiu.edu.vn', '$2a$10$N9qo8uLOickgx2ZMRZoMyeIjZAgcfl7p92ldGxad68LJZdL17lhWy', 'Admin'),
('99b60f84-3d3a-4125-981a-e86b11a7e53d', 'ITITWE24025@student.hcmiu.edu.vn', '$2a$10$N9qo8uLOickgx2ZMRZoMyeIjZAgcfl7p92ldGxad68LJZdL17lhWy', 'Student'),
('3a9f36d9-61cf-4b82-91ff-697b73e63645', 'ITDSIU24042@student.hcmiu.edu.vn', '$2a$10$N9qo8uLOickgx2ZMRZoMyeIjZAgcfl7p92ldGxad68LJZdL17lhWy', 'Student'),
('5cbf7a38-7c8d-42f8-9e78-009db10803ef', 'FAECIU24065@student.hcmiu.edu.vn', '$2a$10$N9qo8uLOickgx2ZMRZoMyeIjZAgcfl7p92ldGxad68LJZdL17lhWy', 'Student'),
('3b4ddf4e-1235-4f8d-8727-aeddc6875ae7', 'ITDSIU24011@student.hcmiu.edu.vn', '$2a$10$N9qo8uLOickgx2ZMRZoMyeIjZAgcfl7p92ldGxad68LJZdL17lhWy', 'Student'),
('1a2b5536-6b42-4633-9fee-1edcddafd97f', 'ITDSIU24029@student.hcmiu.edu.vn', '$2a$10$N9qo8uLOickgx2ZMRZoMyeIjZAgcfl7p92ldGxad68LJZdL17lhWy', 'Student'),
('3c173caf-13b9-4350-9076-031c2995d0f7', 'ITDSIU24037@student.hcmiu.edu.vn', '$2a$10$N9qo8uLOickgx2ZMRZoMyeIjZAgcfl7p92ldGxad68LJZdL17lhWy', 'Student'),
('7780b3f6-a235-4a63-b3c7-24d53187f2ee', 'MAMAIU24007@student.hcmiu.edu.vn', '$2a$10$N9qo8uLOickgx2ZMRZoMyeIjZAgcfl7p92ldGxad68LJZdL17lhWy', 'Student'),
('a925a288-87bd-42f0-95f1-0931557c3dd6', 'MAMAIU24028@student.hcmiu.edu.vn', '$2a$10$N9qo8uLOickgx2ZMRZoMyeIjZAgcfl7p92ldGxad68LJZdL17lhWy', 'Student'),
('25a0daa0-e0dc-4a7b-a5b4-823551bd0e86', 'MAMAIU24033@student.hcmiu.edu.vn', '$2a$10$N9qo8uLOickgx2ZMRZoMyeIjZAgcfl7p92ldGxad68LJZdL17lhWy', 'Student'),
('4c3245c4-e6c7-41c6-aa0d-138269f970a6', 'MAMAIU24038@student.hcmiu.edu.vn', '$2a$10$N9qo8uLOickgx2ZMRZoMyeIjZAgcfl7p92ldGxad68LJZdL17lhWy', 'Student'),
('f30d801b-6f04-4236-afa1-f4f34b5405c2', 'MASTIU24013@student.hcmiu.edu.vn', '$2a$10$N9qo8uLOickgx2ZMRZoMyeIjZAgcfl7p92ldGxad68LJZdL17lhWy', 'Student'),
('557158b3-d168-40e5-adff-3f8b9211ee20', 'IELSIU24121@student.hcmiu.edu.vn', '$2a$10$N9qo8uLOickgx2ZMRZoMyeIjZAgcfl7p92ldGxad68LJZdL17lhWy', 'Student'),
('eddb44be-167d-4bfd-9437-a7bd8eef1a97', 'EEACIU24081@student.hcmiu.edu.vn', '$2a$10$N9qo8uLOickgx2ZMRZoMyeIjZAgcfl7p92ldGxad68LJZdL17lhWy', 'Student'),
('27cd4fb6-ba20-4098-b4d0-8f836c3f1ecc', 'EEEEIU24048@student.hcmiu.edu.vn', '$2a$10$N9qo8uLOickgx2ZMRZoMyeIjZAgcfl7p92ldGxad68LJZdL17lhWy', 'Student'),
('592f5325-3869-455c-9166-095baf097d4e', 'ITITWE23045@student.hcmiu.edu.vn', '$2a$10$N9qo8uLOickgx2ZMRZoMyeIjZAgcfl7p92ldGxad68LJZdL17lhWy', 'Student'),
('7a4ff940-7880-4835-9f9c-9a3da33ba420', 'ITITDK23011@student.hcmiu.edu.vn', '$2a$10$N9qo8uLOickgx2ZMRZoMyeIjZAgcfl7p92ldGxad68LJZdL17lhWy', 'Student'),
('9642c942-bfb7-409d-ae14-b17518f37f10', 'ITITWE23077@student.hcmiu.edu.vn', '$2a$10$N9qo8uLOickgx2ZMRZoMyeIjZAgcfl7p92ldGxad68LJZdL17lhWy', 'Student'),
('973be0b3-037a-49b1-847e-b32b5cd83033', 'ITITDK23019@student.hcmiu.edu.vn', '$2a$10$N9qo8uLOickgx2ZMRZoMyeIjZAgcfl7p92ldGxad68LJZdL17lhWy', 'Student'),
('e688c9d9-419e-4fca-b3fb-e75bb43a8585', 'ITITIU20331@student.hcmiu.edu.vn', '$2a$10$N9qo8uLOickgx2ZMRZoMyeIjZAgcfl7p92ldGxad68LJZdL17lhWy', 'Student'),
('877ac3b1-2ae3-498e-ac40-f34332d4bb0b', 'ITDSIU23006@student.hcmiu.edu.vn', '$2a$10$N9qo8uLOickgx2ZMRZoMyeIjZAgcfl7p92ldGxad68LJZdL17lhWy', 'Student'),
('d0d5829c-8ab1-4e84-b5b7-e592924ea0d7', 'ITITWE23031@student.hcmiu.edu.vn', '$2a$10$N9qo8uLOickgx2ZMRZoMyeIjZAgcfl7p92ldGxad68LJZdL17lhWy', 'Student'),
('a525dd1e-28ec-419a-92c8-4f53e7bfaa6b', 'ITITIU24041@student.hcmiu.edu.vn', '$2a$10$N9qo8uLOickgx2ZMRZoMyeIjZAgcfl7p92ldGxad68LJZdL17lhWy', 'Student'),
('525d1845-a9d6-499b-83a2-970aaa41e6a2', 'ITITIU24023@student.hcmiu.edu.vn', '$2a$10$N9qo8uLOickgx2ZMRZoMyeIjZAgcfl7p92ldGxad68LJZdL17lhWy', 'Student'),
('9e95b166-e0c6-4ff0-bf1d-efc787818dbf', 'ITITWE24057@student.hcmiu.edu.vn', '$2a$10$N9qo8uLOickgx2ZMRZoMyeIjZAgcfl7p92ldGxad68LJZdL17lhWy', 'Student'),
('729e2fe6-c74f-4d9b-a86b-88ba510ec893', 'SESEIU24015@student.hcmiu.edu.vn', '$2a$10$N9qo8uLOickgx2ZMRZoMyeIjZAgcfl7p92ldGxad68LJZdL17lhWy', 'Student'),
('a8ee6c89-6ed4-4f5f-a119-c2f32d5f138f', 'BABAIU22659@student.hcmiu.edu.vn', '$2a$10$N9qo8uLOickgx2ZMRZoMyeIjZAgcfl7p92ldGxad68LJZdL17lhWy', 'Student'),
('43104194-f764-4092-8c71-3f3a9b98a85b', 'IELSIU24156@student.hcmiu.edu.vn', '$2a$10$N9qo8uLOickgx2ZMRZoMyeIjZAgcfl7p92ldGxad68LJZdL17lhWy', 'Student'),
('6154a614-1c2d-44e6-bf82-90f39f687167', 'MAMAIU23020@student.hcmiu.edu.vn', '$2a$10$N9qo8uLOickgx2ZMRZoMyeIjZAgcfl7p92ldGxad68LJZdL17lhWy', 'Student'),
('bccf8df3-0825-4c57-91dc-2616bc65cdfe', 'FAECIU24104@student.hcmiu.edu.vn', '$2a$10$N9qo8uLOickgx2ZMRZoMyeIjZAgcfl7p92ldGxad68LJZdL17lhWy', 'Student'),
('69077f27-8897-4759-bc66-5e4b9cc56c54', 'FAFBIU25034@student.hcmiu.edu.vn', '$2a$10$N9qo8uLOickgx2ZMRZoMyeIjZAgcfl7p92ldGxad68LJZdL17lhWy', 'Student'),
('410b8c2a-1a92-4fab-8773-ebce8d766616', 'FAECIU24048@student.hcmiu.edu.vn', '$2a$10$N9qo8uLOickgx2ZMRZoMyeIjZAgcfl7p92ldGxad68LJZdL17lhWy', 'Student'),
('182664bb-8f58-42f4-84ea-a9f2bad6d390', 'BABAIU22025@student.hcmiu.edu.vn', '$2a$10$N9qo8uLOickgx2ZMRZoMyeIjZAgcfl7p92ldGxad68LJZdL17lhWy', 'Student'),
('2be3532e-8c98-4c8b-933f-e003532750e9', 'BTBTIU24064@student.hcmiu.edu.vn', '$2a$10$N9qo8uLOickgx2ZMRZoMyeIjZAgcfl7p92ldGxad68LJZdL17lhWy', 'Student'),
('dd5dbd47-9fa7-4939-a43e-106590cb6dc2', 'BEBEIU23072@student.hcmiu.edu.vn', '$2a$10$N9qo8uLOickgx2ZMRZoMyeIjZAgcfl7p92ldGxad68LJZdL17lhWy', 'Student'),
('32f5a52b-bca3-45e1-83c0-c44f2b533fe4', 'ITITIU24065@student.hcmiu.edu.vn', '$2a$10$N9qo8uLOickgx2ZMRZoMyeIjZAgcfl7p92ldGxad68LJZdL17lhWy', 'Student'),
('e60a79b8-5df4-459a-a608-c35faf2b218b', 'ITCSIU24086@student.hcmiu.edu.vn', '$2a$10$N9qo8uLOickgx2ZMRZoMyeIjZAgcfl7p92ldGxad68LJZdL17lhWy', 'Student'),
('56cccec0-6a8b-4159-8668-e73c38de5208', 'ITITWE22171@student.hcmiu.edu.vn', '$2a$10$N9qo8uLOickgx2ZMRZoMyeIjZAgcfl7p92ldGxad68LJZdL17lhWy', 'Student'),
('f5447df5-c91d-40a9-bf96-e7b7e0ab53b5', 'IELSIU24074@student.hcmiu.edu.vn', '$2a$10$N9qo8uLOickgx2ZMRZoMyeIjZAgcfl7p92ldGxad68LJZdL17lhWy', 'Student'),
('74eb025d-423b-4945-8849-2fb3bc5bf8d5', 'ITITWE24052@student.hcmiu.edu.vn', '$2a$10$N9qo8uLOickgx2ZMRZoMyeIjZAgcfl7p92ldGxad68LJZdL17lhWy', 'Student'),
('84c300e8-fb60-4e45-9683-68e8963b4b80', 'ITITWE24039@student.hcmiu.edu.vn', '$2a$10$N9qo8uLOickgx2ZMRZoMyeIjZAgcfl7p92ldGxad68LJZdL17lhWy', 'Student'),
('ea5b52a1-937c-4240-8cfa-dfa8a61d72ef', 'ITITWE24009@student.hcmiu.edu.vn', '$2a$10$N9qo8uLOickgx2ZMRZoMyeIjZAgcfl7p92ldGxad68LJZdL17lhWy', 'Student'),
('bacf71be-bda7-4420-850d-f0f0654cd51c', 'ENENWE24040@student.hcmiu.edu.vn', '$2a$10$N9qo8uLOickgx2ZMRZoMyeIjZAgcfl7p92ldGxad68LJZdL17lhWy', 'Student'),
('e0351934-51b6-497a-826b-c987e18b029f', 'ENENWE24110@student.hcmiu.edu.vn', '$2a$10$N9qo8uLOickgx2ZMRZoMyeIjZAgcfl7p92ldGxad68LJZdL17lhWy', 'Student'),
('a85dcd49-2f99-4287-8b09-431ca6c740ab', 'MASTIU24021@student.hcmiu.edu.vn', '$2a$10$N9qo8uLOickgx2ZMRZoMyeIjZAgcfl7p92ldGxad68LJZdL17lhWy', 'Student'),
('c6fedc34-48f7-4f8a-8330-4149b937b7bf', 'BTFTIU24038@student.hcmiu.edu.vn', '$2a$10$N9qo8uLOickgx2ZMRZoMyeIjZAgcfl7p92ldGxad68LJZdL17lhWy', 'Student'),
('1390abd5-9de9-4d4b-8b9f-374d25623391', 'BABAWE24069@student.hcmiu.edu.vn', '$2a$10$N9qo8uLOickgx2ZMRZoMyeIjZAgcfl7p92ldGxad68LJZdL17lhWy', 'Student'),
('0a8ef916-1232-4d6a-be28-ce575eeec390', 'BTFTIU24017@student.hcmiu.edu.vn', '$2a$10$N9qo8uLOickgx2ZMRZoMyeIjZAgcfl7p92ldGxad68LJZdL17lhWy', 'Student'),
('089d32bf-294e-40c2-9ca4-61210b485245', 'ITITWE24008@student.hcmiu.edu.vn', '$2a$10$N9qo8uLOickgx2ZMRZoMyeIjZAgcfl7p92ldGxad68LJZdL17lhWy', 'Student'),
('03a23608-77e1-4672-be97-786820d63409', 'ITITWE24069@student.hcmiu.edu.vn', '$2a$10$N9qo8uLOickgx2ZMRZoMyeIjZAgcfl7p92ldGxad68LJZdL17lhWy', 'Student'),
('83430794-0998-41b6-b470-5bc12403a7c9', 'ITITWE24075@student.hcmiu.edu.vn', '$2a$10$N9qo8uLOickgx2ZMRZoMyeIjZAgcfl7p92ldGxad68LJZdL17lhWy', 'Student'),
('4d451dba-6941-4b7e-9083-75fed6a7a53e', 'IELSIU24158@student.hcmiu.edu.vn', '$2a$10$N9qo8uLOickgx2ZMRZoMyeIjZAgcfl7p92ldGxad68LJZdL17lhWy', 'Student'),
('23fb2fde-1926-42ee-838c-765f5794712a', 'IELSIU24200@student.hcmiu.edu.vn', '$2a$10$N9qo8uLOickgx2ZMRZoMyeIjZAgcfl7p92ldGxad68LJZdL17lhWy', 'Student'),
('1650dc8d-bb43-4cf5-92cf-ce7e047e85ee', 'IELSIU24111@student.hcmiu.edu.vn', '$2a$10$N9qo8uLOickgx2ZMRZoMyeIjZAgcfl7p92ldGxad68LJZdL17lhWy', 'Student'),
('604d580b-e5cf-4f2d-8394-57a3fcb641af', 'IELSIU24102@student.hcmiu.edu.vn', '$2a$10$N9qo8uLOickgx2ZMRZoMyeIjZAgcfl7p92ldGxad68LJZdL17lhWy', 'Student'),
('07e83040-59c9-4c73-9ac1-64c5b57569e2', 'IELSIU24109@student.hcmiu.edu.vn', '$2a$10$N9qo8uLOickgx2ZMRZoMyeIjZAgcfl7p92ldGxad68LJZdL17lhWy', 'Student'),
('c88eb0c0-d0cf-41d3-bc6f-159c76ef9ac4', 'IELSIU24063@student.hcmiu.edu.vn', '$2a$10$N9qo8uLOickgx2ZMRZoMyeIjZAgcfl7p92ldGxad68LJZdL17lhWy', 'Student'),
('287f81b0-f0c4-4dd8-bd13-e190c023a75b', 'IELSIU24095@student.hcmiu.edu.vn', '$2a$10$N9qo8uLOickgx2ZMRZoMyeIjZAgcfl7p92ldGxad68LJZdL17lhWy', 'Student'),
('110b4b24-85b3-4e2a-9b52-1071e0035b7f', 'IELSIU24124@student.hcmiu.edu.vn', '$2a$10$N9qo8uLOickgx2ZMRZoMyeIjZAgcfl7p92ldGxad68LJZdL17lhWy', 'Student'),
('9374e34f-1cbd-4985-922e-9aa5a20faade', 'IELSIU24099@student.hcmiu.edu.vn', '$2a$10$N9qo8uLOickgx2ZMRZoMyeIjZAgcfl7p92ldGxad68LJZdL17lhWy', 'Student'),
('8518ac35-5f4d-48f2-89dc-b8c28e4cfff1', 'IELSIU24005@student.hcmiu.edu.vn', '$2a$10$N9qo8uLOickgx2ZMRZoMyeIjZAgcfl7p92ldGxad68LJZdL17lhWy', 'Student'),
('9594e205-1b32-4917-ad16-2aa77aafb462', 'IELSIU24185@student.hcmiu.edu.vn', '$2a$10$N9qo8uLOickgx2ZMRZoMyeIjZAgcfl7p92ldGxad68LJZdL17lhWy', 'Student'),
('bc76766e-76df-4601-801c-246f91a961ff', 'IELSIU24114@student.hcmiu.edu.vn', '$2a$10$N9qo8uLOickgx2ZMRZoMyeIjZAgcfl7p92ldGxad68LJZdL17lhWy', 'Student'),
('d38b745b-bbae-4182-867f-d6c25e8ae866', 'IELSIU24006@student.hcmiu.edu.vn', '$2a$10$N9qo8uLOickgx2ZMRZoMyeIjZAgcfl7p92ldGxad68LJZdL17lhWy', 'Student'),
('be304439-c6a5-46c9-aeeb-d05329442c20', 'IELSIU24133@student.hcmiu.edu.vn', '$2a$10$N9qo8uLOickgx2ZMRZoMyeIjZAgcfl7p92ldGxad68LJZdL17lhWy', 'Student'),
('c5138421-da0a-42d1-bc4f-097e0e5ef93d', 'IELSIU24069@student.hcmiu.edu.vn', '$2a$10$N9qo8uLOickgx2ZMRZoMyeIjZAgcfl7p92ldGxad68LJZdL17lhWy', 'Student'),
('4e1dcd1f-66a5-4509-b81e-093185f96101', 'IELSIU24023@student.hcmiu.edu.vn', '$2a$10$N9qo8uLOickgx2ZMRZoMyeIjZAgcfl7p92ldGxad68LJZdL17lhWy', 'Student'),
('78002a3a-bf5b-45d8-88be-5bf5bec06562', 'IELSIU24079@student.hcmiu.edu.vn', '$2a$10$N9qo8uLOickgx2ZMRZoMyeIjZAgcfl7p92ldGxad68LJZdL17lhWy', 'Student'),
('a4877979-4933-436a-b621-940e6bbc8358', 'IELSIU24071@student.hcmiu.edu.vn', '$2a$10$N9qo8uLOickgx2ZMRZoMyeIjZAgcfl7p92ldGxad68LJZdL17lhWy', 'Student'),
('4b328676-2429-4b6d-8170-dfdbd5b6ce3d', 'IELSIU24077@student.hcmiu.edu.vn', '$2a$10$N9qo8uLOickgx2ZMRZoMyeIjZAgcfl7p92ldGxad68LJZdL17lhWy', 'Student'),
('d1011167-65bf-406f-b4c7-dbe53dbb6f6a', 'IELSIU24093@student.hcmiu.edu.vn', '$2a$10$N9qo8uLOickgx2ZMRZoMyeIjZAgcfl7p92ldGxad68LJZdL17lhWy', 'Student'),
('6cc35733-a55d-49a4-a8f7-38522be63d66', 'IELSIU24123@student.hcmiu.edu.vn', '$2a$10$N9qo8uLOickgx2ZMRZoMyeIjZAgcfl7p92ldGxad68LJZdL17lhWy', 'Student'),
('a36f7155-f542-4642-b1d8-de31a77c26a9', 'IELSIU24116@student.hcmiu.edu.vn', '$2a$10$N9qo8uLOickgx2ZMRZoMyeIjZAgcfl7p92ldGxad68LJZdL17lhWy', 'Student'),
('5715100a-632f-47a5-9899-e02c77230b3a', 'IELSIU24047@student.hcmiu.edu.vn', '$2a$10$N9qo8uLOickgx2ZMRZoMyeIjZAgcfl7p92ldGxad68LJZdL17lhWy', 'Student'),
('e44bd099-6286-40fd-9092-4bc84be34499', 'IELSIU24046@student.hcmiu.edu.vn', '$2a$10$N9qo8uLOickgx2ZMRZoMyeIjZAgcfl7p92ldGxad68LJZdL17lhWy', 'Student'),
('059784a7-688c-4efb-9fe0-42ff515c03a3', 'IELSIU24017@student.hcmiu.edu.vn', '$2a$10$N9qo8uLOickgx2ZMRZoMyeIjZAgcfl7p92ldGxad68LJZdL17lhWy', 'Student'),
('2cf715a3-5a8c-4c9c-9ba8-907c49c9bd16', 'IELSIU24080@student.hcmiu.edu.vn', '$2a$10$N9qo8uLOickgx2ZMRZoMyeIjZAgcfl7p92ldGxad68LJZdL17lhWy', 'Student'),
('e7585302-4a51-41ed-9a84-2121d5fe3f69', 'IELSIU24174@student.hcmiu.edu.vn', '$2a$10$N9qo8uLOickgx2ZMRZoMyeIjZAgcfl7p92ldGxad68LJZdL17lhWy', 'Student'),
('d445ab27-0d94-46bd-b06c-e21c028fa604', 'IELSIU24127@student.hcmiu.edu.vn', '$2a$10$N9qo8uLOickgx2ZMRZoMyeIjZAgcfl7p92ldGxad68LJZdL17lhWy', 'Student'),
('620ee129-f26d-4af9-95e4-713b630a70fe', 'IEIEIU24057@student.hcmiu.edu.vn', '$2a$10$N9qo8uLOickgx2ZMRZoMyeIjZAgcfl7p92ldGxad68LJZdL17lhWy', 'Student'),
('543a58d3-ca77-42f8-b6b8-12f60d1610be', 'IELSIU24086@student.hcmiu.edu.vn', '$2a$10$N9qo8uLOickgx2ZMRZoMyeIjZAgcfl7p92ldGxad68LJZdL17lhWy', 'Student'),
('7f01f874-ae38-4263-a826-908eb1a46c7a', 'IELSIU24130@student.hcmiu.edu.vn', '$2a$10$N9qo8uLOickgx2ZMRZoMyeIjZAgcfl7p92ldGxad68LJZdL17lhWy', 'Student'),
('b5f16e25-434c-451f-b307-a92043798af0', 'IELSIU24003@student.hcmiu.edu.vn', '$2a$10$N9qo8uLOickgx2ZMRZoMyeIjZAgcfl7p92ldGxad68LJZdL17lhWy', 'Student'),
('5f2382dc-8627-46e6-8e28-227c4dfbb9c2', 'IELSIU24057@student.hcmiu.edu.vn', '$2a$10$N9qo8uLOickgx2ZMRZoMyeIjZAgcfl7p92ldGxad68LJZdL17lhWy', 'Student'),
('c9fa34d0-30e2-43bf-bacf-48170d693cca', 'IEIEIU24059@student.hcmiu.edu.vn', '$2a$10$N9qo8uLOickgx2ZMRZoMyeIjZAgcfl7p92ldGxad68LJZdL17lhWy', 'Student'),
('fb957029-5262-4002-8b98-07ea14dcd18c', 'IELSIU24144@student.hcmiu.edu.vn', '$2a$10$N9qo8uLOickgx2ZMRZoMyeIjZAgcfl7p92ldGxad68LJZdL17lhWy', 'Student'),
('31036819-1ef7-448a-99ca-c6b39ab83ae2', 'IELSIU24027@student.hcmiu.edu.vn', '$2a$10$N9qo8uLOickgx2ZMRZoMyeIjZAgcfl7p92ldGxad68LJZdL17lhWy', 'Student'),
('bdb733f4-b1b2-4409-a7bc-e980d8153220', 'IELSIU24034@student.hcmiu.edu.vn', '$2a$10$N9qo8uLOickgx2ZMRZoMyeIjZAgcfl7p92ldGxad68LJZdL17lhWy', 'Student'),
('be85767b-1ed8-4fe4-80ce-e89c171e6e2d', 'IELSIU24035@student.hcmiu.edu.vn', '$2a$10$N9qo8uLOickgx2ZMRZoMyeIjZAgcfl7p92ldGxad68LJZdL17lhWy', 'Student'),
('21f88c90-5949-46df-b265-972407d30ced', 'IELSIU24191@student.hcmiu.edu.vn', '$2a$10$N9qo8uLOickgx2ZMRZoMyeIjZAgcfl7p92ldGxad68LJZdL17lhWy', 'Student'),
('9ea242db-ebec-4680-afb4-f14ca413cb08', 'IELSIU24083@student.hcmiu.edu.vn', '$2a$10$N9qo8uLOickgx2ZMRZoMyeIjZAgcfl7p92ldGxad68LJZdL17lhWy', 'Student'),
('a8cfa5fd-b865-4bad-ac25-0c387d7d4f12', 'IELSIU24021@student.hcmiu.edu.vn', '$2a$10$N9qo8uLOickgx2ZMRZoMyeIjZAgcfl7p92ldGxad68LJZdL17lhWy', 'Student'),
('5fd657b6-7e5f-47f1-85d5-74062dd9b1b6', 'IELSIU24032@student.hcmiu.edu.vn', '$2a$10$N9qo8uLOickgx2ZMRZoMyeIjZAgcfl7p92ldGxad68LJZdL17lhWy', 'Student'),
('a5261241-442c-4d28-838a-6787e4956950', 'IELSIU24041@student.hcmiu.edu.vn', '$2a$10$N9qo8uLOickgx2ZMRZoMyeIjZAgcfl7p92ldGxad68LJZdL17lhWy', 'Student'),
('e533b7ba-c85b-4a7d-aebe-c25a1e6f39ee', 'IELSIU24073@student.hcmiu.edu.vn', '$2a$10$N9qo8uLOickgx2ZMRZoMyeIjZAgcfl7p92ldGxad68LJZdL17lhWy', 'Student'),
('db4c6cbd-83c9-4763-9d2a-135d1b3a5fcd', 'IELSIU24084@student.hcmiu.edu.vn', '$2a$10$N9qo8uLOickgx2ZMRZoMyeIjZAgcfl7p92ldGxad68LJZdL17lhWy', 'Student'),
('e349d3c7-fa55-4b73-82b6-6bbcf645af23', 'IELSIU24108@student.hcmiu.edu.vn', '$2a$10$N9qo8uLOickgx2ZMRZoMyeIjZAgcfl7p92ldGxad68LJZdL17lhWy', 'Student'),
('c53f3cc2-93b9-428a-81a5-1829fdfd70d8', 'IELSIU24061@student.hcmiu.edu.vn', '$2a$10$N9qo8uLOickgx2ZMRZoMyeIjZAgcfl7p92ldGxad68LJZdL17lhWy', 'Student'),
('ca71e2ba-3a75-4bb1-b376-8e9b4a76ae3d', 'IELSIU24060@student.hcmiu.edu.vn', '$2a$10$N9qo8uLOickgx2ZMRZoMyeIjZAgcfl7p92ldGxad68LJZdL17lhWy', 'Student'),
('0a73ebc9-31fa-479d-a13b-5135b61906b3', 'IELSIU24197@student.hcmiu.edu.vn', '$2a$10$N9qo8uLOickgx2ZMRZoMyeIjZAgcfl7p92ldGxad68LJZdL17lhWy', 'Student'),
('b132c982-4b69-43c1-a03a-fa18dbf30a91', 'IELSIU24019@student.hcmiu.edu.vn', '$2a$10$N9qo8uLOickgx2ZMRZoMyeIjZAgcfl7p92ldGxad68LJZdL17lhWy', 'Student'),
('a9918ec8-7a33-44d8-a945-a83a790f9804', 'quannm@hcmiu.edu.vn', '$2a$10$N9qo8uLOickgx2ZMRZoMyeIjZAgcfl7p92ldGxad68LJZdL17lhWy', 'Staff'),
('39e6c77a-2146-4e19-b75d-96902638e10b', 'nnhai@hcmiu.edu.vn', '$2a$10$N9qo8uLOickgx2ZMRZoMyeIjZAgcfl7p92ldGxad68LJZdL17lhWy', 'Staff'),
('a08a599c-620a-4bdd-a887-44f5819720e2', 'anltt@uel.edu.vn', '$2a$10$N9qo8uLOickgx2ZMRZoMyeIjZAgcfl7p92ldGxad68LJZdL17lhWy', 'Staff'),
('7e2c647b-7d79-4dcf-8063-fe01a2ebd928', 'ndinh@hcmiu.edu.vn', '$2a$10$N9qo8uLOickgx2ZMRZoMyeIjZAgcfl7p92ldGxad68LJZdL17lhWy', 'Staff'),
('21b04ce4-b213-4966-9410-31527b6c3cd2', 'natu@hcmiu.edu.vn', '$2a$10$N9qo8uLOickgx2ZMRZoMyeIjZAgcfl7p92ldGxad68LJZdL17lhWy', 'Staff'),
('21477d77-0103-4688-b3e9-5a04b7160604', 'mdthanh@hcmiu.edu.vn', '$2a$10$N9qo8uLOickgx2ZMRZoMyeIjZAgcfl7p92ldGxad68LJZdL17lhWy', 'Staff'),
('15c08569-f599-4c54-95b1-755a32d8d756', 'phangoc@hcmiu.edu.vn', '$2a$10$N9qo8uLOickgx2ZMRZoMyeIjZAgcfl7p92ldGxad68LJZdL17lhWy', 'Staff'),
('f8e84027-108d-4ff1-907c-56751c9ebc43', 'van.nguyen@uel.edu.vn', '$2a$10$N9qo8uLOickgx2ZMRZoMyeIjZAgcfl7p92ldGxad68LJZdL17lhWy', 'Staff'),
('38e85825-c50b-49dd-a4c1-7ca3fb69a241', 'phha@hcmiu.edu.vn', '$2a$10$N9qo8uLOickgx2ZMRZoMyeIjZAgcfl7p92ldGxad68LJZdL17lhWy', 'Staff'),
('7c4f770f-152e-4829-97f4-7bbd14719a89', 'ntnghia@hcmiu.edu.vn', '$2a$10$N9qo8uLOickgx2ZMRZoMyeIjZAgcfl7p92ldGxad68LJZdL17lhWy', 'Staff'),
('d8001a88-5f50-4c9d-93c7-891a030a3c7f', 'nttloan@hcmiu.edu.vn', '$2a$10$N9qo8uLOickgx2ZMRZoMyeIjZAgcfl7p92ldGxad68LJZdL17lhWy', 'Staff'),
('5dd12932-4b84-4818-b09f-4ef10e2d7aca', 'ntky@hcmiu.edu.vn', '$2a$10$N9qo8uLOickgx2ZMRZoMyeIjZAgcfl7p92ldGxad68LJZdL17lhWy', 'Staff'),
('66264440-3cd4-43a1-be0f-67ac2ca91f6a', 'ldtan@hcmiu.edu.vn', '$2a$10$N9qo8uLOickgx2ZMRZoMyeIjZAgcfl7p92ldGxad68LJZdL17lhWy', 'Staff'),
('3249fde3-901e-4582-a5bb-ed67ad702674', 'ddavu@hcmiu.edu.vn', '$2a$10$N9qo8uLOickgx2ZMRZoMyeIjZAgcfl7p92ldGxad68LJZdL17lhWy', 'Staff'),
('0bdba8f6-fbfb-4d8e-addf-0c846a486268', 'tttin@hcmiu.edu.vn', '$2a$10$N9qo8uLOickgx2ZMRZoMyeIjZAgcfl7p92ldGxad68LJZdL17lhWy', 'Staff'),
('c6e7d851-853a-4c27-ab57-dd513268c63b', 'dtnhan@hcmiu.edu.vn', '$2a$10$N9qo8uLOickgx2ZMRZoMyeIjZAgcfl7p92ldGxad68LJZdL17lhWy', 'Staff'),
('47c1e927-2b58-4ed8-84c8-9b70d1edf9c3', 'tttung@hcmiu.edu.vn', '$2a$10$N9qo8uLOickgx2ZMRZoMyeIjZAgcfl7p92ldGxad68LJZdL17lhWy', 'Staff'),
('2c28ae4b-f313-43bd-8930-61459375672c', 'hvusynh@hcmiu.edu.vn', '$2a$10$N9qo8uLOickgx2ZMRZoMyeIjZAgcfl7p92ldGxad68LJZdL17lhWy', 'Staff'),
('cd9518cd-3e03-4f8c-a609-03156e1a202d', 'nntminh@hcmiu.edu.vn', '$2a$10$N9qo8uLOickgx2ZMRZoMyeIjZAgcfl7p92ldGxad68LJZdL17lhWy', 'Staff'),
('5b0b40e2-75f4-473f-860d-0acafdd176f7', 'nbduong@hcmiu.edu.vn', '$2a$10$N9qo8uLOickgx2ZMRZoMyeIjZAgcfl7p92ldGxad68LJZdL17lhWy', 'Staff'),
('d6dea0bf-d8c7-4d55-a35b-0f2eb23b3c3e', 'nduyen@hcmiu.edu.vn', '$2a$10$N9qo8uLOickgx2ZMRZoMyeIjZAgcfl7p92ldGxad68LJZdL17lhWy', 'Staff'),
('0d55a61e-0e18-4a7c-94b6-f04d557ac3e3', 'ntluong@hcmiu.edu.vn', '$2a$10$N9qo8uLOickgx2ZMRZoMyeIjZAgcfl7p92ldGxad68LJZdL17lhWy', 'Staff'),
('b764f3d6-911b-4658-81a5-4971f46df59e', 'nbdhuy@hcmiu.edu.vn', '$2a$10$N9qo8uLOickgx2ZMRZoMyeIjZAgcfl7p92ldGxad68LJZdL17lhWy', 'Staff'),
('a76f57c1-8f47-4843-ba32-0a91dfda3252', 'nlluat@hcmiu.edu.vn', '$2a$10$N9qo8uLOickgx2ZMRZoMyeIjZAgcfl7p92ldGxad68LJZdL17lhWy', 'Staff'),
('9a9d7038-a0ad-46ce-9609-2be76414252e', 'nmthien@hcmiu.edu.vn', '$2a$10$N9qo8uLOickgx2ZMRZoMyeIjZAgcfl7p92ldGxad68LJZdL17lhWy', 'Staff'),
('c16bca37-0e20-4328-a2e2-16b9228cb8f5', 'nvbinh@hcmiu.edu.vn', '$2a$10$N9qo8uLOickgx2ZMRZoMyeIjZAgcfl7p92ldGxad68LJZdL17lhWy', 'Staff'),
('15018a5e-7499-4a7f-bab8-43fefb2c7860', 'nthieu@hcmiu.edu.vn', '$2a$10$N9qo8uLOickgx2ZMRZoMyeIjZAgcfl7p92ldGxad68LJZdL17lhWy', 'Staff'),
('7772c2cd-16c5-4da0-8eb5-1f0474c97142', 'nlpuyen@hcmiu.edu.vn', '$2a$10$N9qo8uLOickgx2ZMRZoMyeIjZAgcfl7p92ldGxad68LJZdL17lhWy', 'Staff'),
('af8ff533-7596-498d-9543-0ca0919da1ef', 'tvsu@hcmiu.edu.vn', '$2a$10$N9qo8uLOickgx2ZMRZoMyeIjZAgcfl7p92ldGxad68LJZdL17lhWy', 'Staff'),
('c36f3f62-2d07-46d6-8c09-713e1982d8c9', 'tmhieu@hcmiu.edu.vn', '$2a$10$N9qo8uLOickgx2ZMRZoMyeIjZAgcfl7p92ldGxad68LJZdL17lhWy', 'Staff'),
('ffe267bb-3571-4433-aaf0-a2d60d3a1638', 'vmthanh@hcmiu.edu.vn', '$2a$10$N9qo8uLOickgx2ZMRZoMyeIjZAgcfl7p92ldGxad68LJZdL17lhWy', 'Staff'),
('7498ce47-8baf-4317-ab88-e174e27f5ffb', 'ptkien@hcmiu.edu.vn', '$2a$10$N9qo8uLOickgx2ZMRZoMyeIjZAgcfl7p92ldGxad68LJZdL17lhWy', 'Staff'),
('947fb515-8288-4292-ae90-f78c73803bf8', 'htquoc@hcmiu.edu.vn', '$2a$10$N9qo8uLOickgx2ZMRZoMyeIjZAgcfl7p92ldGxad68LJZdL17lhWy', 'Staff'),
('dedce088-e495-48c7-8d2e-356c4ac9e19d', 'vqbao@hcmiu.edu.vn', '$2a$10$N9qo8uLOickgx2ZMRZoMyeIjZAgcfl7p92ldGxad68LJZdL17lhWy', 'Staff'),
('36ab69aa-8982-4ffa-84ad-62d6fc7d7759', 'hvtdung@hcmiu.edu.vn', '$2a$10$N9qo8uLOickgx2ZMRZoMyeIjZAgcfl7p92ldGxad68LJZdL17lhWy', 'Staff'),
('f5006fe9-2730-4e96-a9f8-9101e5e987a5', 'dnhung@hcmiu.edu.vn', '$2a$10$N9qo8uLOickgx2ZMRZoMyeIjZAgcfl7p92ldGxad68LJZdL17lhWy', 'Staff'),
('0b701ca9-43a1-4c27-ad9a-22f198514d92', 'tqhien@hcmiu.edu.vn', '$2a$10$N9qo8uLOickgx2ZMRZoMyeIjZAgcfl7p92ldGxad68LJZdL17lhWy', 'Staff'),
('c05f9f6f-0aa6-4562-abab-00d3951676c3', 'ttlong@hcmiu.edu.vn', '$2a$10$N9qo8uLOickgx2ZMRZoMyeIjZAgcfl7p92ldGxad68LJZdL17lhWy', 'Staff'),
('5f1d019e-21fe-43e4-8996-f17c20094593', 'tkien@hcmiu.edu.vn', '$2a$10$N9qo8uLOickgx2ZMRZoMyeIjZAgcfl7p92ldGxad68LJZdL17lhWy', 'Staff'),
('084e2328-4625-44d0-a552-4cca9ca711eb', 'dvnanh@hcmiu.edu.vn', '$2a$10$N9qo8uLOickgx2ZMRZoMyeIjZAgcfl7p92ldGxad68LJZdL17lhWy', 'Staff'),
('79dcd1d5-0902-473a-a9d9-b68b5837cd44', 'htthoa@hcmiu.edu.vn', '$2a$10$N9qo8uLOickgx2ZMRZoMyeIjZAgcfl7p92ldGxad68LJZdL17lhWy', 'Staff'),
('5615dc03-c0c9-4299-8b61-d4c10178bf1f', 'nttuyen@hcmiu.edu.vn', '$2a$10$N9qo8uLOickgx2ZMRZoMyeIjZAgcfl7p92ldGxad68LJZdL17lhWy', 'Staff'),
('5305c325-b588-4a7d-aad7-ac25a13797b0', 'tdvy@hcmiu.edu.vn', '$2a$10$N9qo8uLOickgx2ZMRZoMyeIjZAgcfl7p92ldGxad68LJZdL17lhWy', 'Staff'),
('8025d259-1ae4-41fe-af52-1c2d0057496a', 'nllinh@hcmiu.edu.vn', '$2a$10$N9qo8uLOickgx2ZMRZoMyeIjZAgcfl7p92ldGxad68LJZdL17lhWy', 'Staff'),
('d5cf2487-6f9b-4929-bab8-3abd0e50f782', 'dnanh@hcmiu.edu.vn', '$2a$10$N9qo8uLOickgx2ZMRZoMyeIjZAgcfl7p92ldGxad68LJZdL17lhWy', 'Staff'),
('acde711e-7644-4606-994d-2352735b23a7', 'tdktan@hcmiu.edu.vn', '$2a$10$N9qo8uLOickgx2ZMRZoMyeIjZAgcfl7p92ldGxad68LJZdL17lhWy', 'Staff'),
('58cbd5d4-eabb-4b4e-9353-f046e94c12c2', 'dtnha@hcmiu.edu.vn', '$2a$10$N9qo8uLOickgx2ZMRZoMyeIjZAgcfl7p92ldGxad68LJZdL17lhWy', 'Staff'),
('03cd5a8b-6965-4319-8c47-5df59fee0f7b', 'htxchi@hcmiu.edu.vn', '$2a$10$N9qo8uLOickgx2ZMRZoMyeIjZAgcfl7p92ldGxad68LJZdL17lhWy', 'Staff'),
('609e9408-8450-4c04-ba1c-1f05e61957c5', 'nvchung@hcmiu.edu.vn', '$2a$10$N9qo8uLOickgx2ZMRZoMyeIjZAgcfl7p92ldGxad68LJZdL17lhWy', 'Staff'),
('725cdb25-048d-4457-81c7-1259ad615c03', 'phtram@hcmiu.edu.vn', '$2a$10$N9qo8uLOickgx2ZMRZoMyeIjZAgcfl7p92ldGxad68LJZdL17lhWy', 'Staff'),
('2d716d29-d544-47fa-8d20-ef2f14f07525', 'pnkphuc@hcmiu.edu.vn', '$2a$10$N9qo8uLOickgx2ZMRZoMyeIjZAgcfl7p92ldGxad68LJZdL17lhWy', 'Staff'),
('f2bf55a7-759c-4674-8a18-073c1aceaa92', 'tvly@hcmiu.edu.vn', '$2a$10$N9qo8uLOickgx2ZMRZoMyeIjZAgcfl7p92ldGxad68LJZdL17lhWy', 'Staff'),
('3d3af08e-83bc-4f24-a0e4-42223d7f7ae5', 'nlpthao@hcmiu.edu.vn', '$2a$10$N9qo8uLOickgx2ZMRZoMyeIjZAgcfl7p92ldGxad68LJZdL17lhWy', 'Staff'),
('2227470a-dafc-45c9-969d-8faa9cc60210', 'nlmhoa@hcmiu.edu.vn', '$2a$10$N9qo8uLOickgx2ZMRZoMyeIjZAgcfl7p92ldGxad68LJZdL17lhWy', 'Staff'),
('2a67f5cc-f90c-40d2-b9bd-088b0e0d8dd5', 'pnxquynh@hcmiu.edu.vn', '$2a$10$N9qo8uLOickgx2ZMRZoMyeIjZAgcfl7p92ldGxad68LJZdL17lhWy', 'Staff'),
('98595d4e-7193-412c-b836-2edf9d0e56c5', 'pntan@hcmiu.edu.vn', '$2a$10$N9qo8uLOickgx2ZMRZoMyeIjZAgcfl7p92ldGxad68LJZdL17lhWy', 'Staff'),
('e4f587d3-d1f6-48d6-95f2-e49fe9664a4e', 'hmtri@hcmiu.edu.vn', '$2a$10$N9qo8uLOickgx2ZMRZoMyeIjZAgcfl7p92ldGxad68LJZdL17lhWy', 'Staff'),
('af4b1c9b-a3db-4333-b9d7-62da38fd61f8', 'bqthong@hcmiu.edu.vn', '$2a$10$N9qo8uLOickgx2ZMRZoMyeIjZAgcfl7p92ldGxad68LJZdL17lhWy', 'Staff'),
('825c3179-e309-4d5a-aaa5-e099a17d08fb', 'ptnhat@hcmiu.edu.vn', '$2a$10$N9qo8uLOickgx2ZMRZoMyeIjZAgcfl7p92ldGxad68LJZdL17lhWy', 'Staff'),
('c150250b-869b-42b4-abed-01c75c65cf6c', 'btthien@hcmiu.edu.vn', '$2a$10$N9qo8uLOickgx2ZMRZoMyeIjZAgcfl7p92ldGxad68LJZdL17lhWy', 'Staff'),
('10b7752d-7941-4199-9493-38e1ef417c50', 'ptanh@hcmiu.edu.vn', '$2a$10$N9qo8uLOickgx2ZMRZoMyeIjZAgcfl7p92ldGxad68LJZdL17lhWy', 'Staff'),
('427934df-231e-4056-b17b-fb5774a91024', 'nntung@hcmiu.edu.vn', '$2a$10$N9qo8uLOickgx2ZMRZoMyeIjZAgcfl7p92ldGxad68LJZdL17lhWy', 'Staff'),
('636ae756-6031-4234-88cd-100d7339e701', 'ltktrang@hcmiu.edu.vn', '$2a$10$N9qo8uLOickgx2ZMRZoMyeIjZAgcfl7p92ldGxad68LJZdL17lhWy', 'Staff'),
('b252fb83-9767-46b8-93f1-88a8436aa5af', 'ptnminh@hcmiu.edu.vn', '$2a$10$N9qo8uLOickgx2ZMRZoMyeIjZAgcfl7p92ldGxad68LJZdL17lhWy', 'Staff'),
('ec3b9c21-0839-48d7-8ae6-5eac2705e000', 'nhphu@hcmiu.edu.vn', '$2b$10$EoJPfNgH7wldFejleGkTcOLW3yqbnMD4B3ffRUpxBfYRAEGI.qqW6', 'Staff'),
('7f074736-ba42-4547-9bc2-35d158857629', 'htnhien@hcmiu.edu.vn', '$2a$10$N9qo8uLOickgx2ZMRZoMyeIjZAgcfl7p92ldGxad68LJZdL17lhWy', 'Staff'),
('c51a7975-5749-482a-86db-09f57b386fcd', 'cmman@hcmiu.edu.vn', '$2a$10$N9qo8uLOickgx2ZMRZoMyeIjZAgcfl7p92ldGxad68LJZdL17lhWy', 'Staff'),
('c2bd0c49-b7f4-4049-bfec-007a7f00e265', 'vthuan@hcmiu.edu.vn', '$2a$10$N9qo8uLOickgx2ZMRZoMyeIjZAgcfl7p92ldGxad68LJZdL17lhWy', 'Staff'),
('81853141-8da4-44bf-b579-67eb91b3448d', 'nhanh@hcmiu.edu.vn', '$2a$10$N9qo8uLOickgx2ZMRZoMyeIjZAgcfl7p92ldGxad68LJZdL17lhWy', 'Staff'),
('76a409dc-ff4d-4f8c-872b-ca77af14110e', 'ndchinh@hcmiu.edu.vn', '$2a$10$N9qo8uLOickgx2ZMRZoMyeIjZAgcfl7p92ldGxad68LJZdL17lhWy', 'Staff'),
('3a36d3b0-9ff9-41d6-97f0-12ca9c7bae6f', 'ltha@hcmiu.edu.vn', '$2a$10$N9qo8uLOickgx2ZMRZoMyeIjZAgcfl7p92ldGxad68LJZdL17lhWy', 'Staff'),
('fda3c10a-52ce-4ef0-a620-696a77060dde', 'nqtien@hcmiu.edu.vn', '$2a$10$N9qo8uLOickgx2ZMRZoMyeIjZAgcfl7p92ldGxad68LJZdL17lhWy', 'Staff'),
('48f6cda3-83af-4774-9d9a-b61a6df326ad', 'btthanh@hcmiu.edu.vn', '$2a$10$N9qo8uLOickgx2ZMRZoMyeIjZAgcfl7p92ldGxad68LJZdL17lhWy', 'Staff'),
('56a3aacd-91ad-403f-8c04-9eab0afe28c9', 'dtltrinh@hcmiu.edu.vn', '$2a$10$N9qo8uLOickgx2ZMRZoMyeIjZAgcfl7p92ldGxad68LJZdL17lhWy', 'Staff'),
('62e2cf84-955d-4d88-841e-733a42d225b4', 'nvatram@hcmiu.edu.vn', '$2a$10$N9qo8uLOickgx2ZMRZoMyeIjZAgcfl7p92ldGxad68LJZdL17lhWy', 'Staff'),
('236ac159-bd05-4c89-99c8-f88d4edf3356', 'pplinh@hcmiu.edu.vn', '$2a$10$N9qo8uLOickgx2ZMRZoMyeIjZAgcfl7p92ldGxad68LJZdL17lhWy', 'Staff'),
('345b5f9b-7bf2-40ed-8d0d-3cd40c2165c6', 'pthuyen@hcmiu.edu.vn', '$2a$10$N9qo8uLOickgx2ZMRZoMyeIjZAgcfl7p92ldGxad68LJZdL17lhWy', 'Staff'),
('c35d7103-c209-4e5e-9769-5d70d2b9d1cb', 'tnnhan@hcmiu.edu.vn', '$2a$10$N9qo8uLOickgx2ZMRZoMyeIjZAgcfl7p92ldGxad68LJZdL17lhWy', 'Staff'),
('7ac2dbd7-7e3c-4eea-8745-71e59cba5739', 'dtuthao@hcmiu.edu.vn', '$2a$10$N9qo8uLOickgx2ZMRZoMyeIjZAgcfl7p92ldGxad68LJZdL17lhWy', 'Staff'),
('289a2915-9c52-42ca-9440-2b823c312e23', 'ldmtri@hcmiu.edu.vn', '$2a$10$N9qo8uLOickgx2ZMRZoMyeIjZAgcfl7p92ldGxad68LJZdL17lhWy', 'Staff'),
('66fb5820-5d6c-46b2-8eaf-adb1d94643cb', 'hthieu@hcmiu.edu.vn', '$2a$10$N9qo8uLOickgx2ZMRZoMyeIjZAgcfl7p92ldGxad68LJZdL17lhWy', 'Staff'),
('5faf5d3e-5625-4d65-8e4e-c0a82951a4de', 'ndtan@hcmiu.edu.vn', '$2a$10$N9qo8uLOickgx2ZMRZoMyeIjZAgcfl7p92ldGxad68LJZdL17lhWy', 'Staff'),
('2e449a44-6128-43ab-bfef-78d646d5c24d', 'nthung@hcmiu.edu.vn', '$2a$10$N9qo8uLOickgx2ZMRZoMyeIjZAgcfl7p92ldGxad68LJZdL17lhWy', 'Staff'),
('78004382-e01d-4f51-b43d-093bd5eb67f9', 'ntminh@hcmiu.edu.vn', '$2a$10$N9qo8uLOickgx2ZMRZoMyeIjZAgcfl7p92ldGxad68LJZdL17lhWy', 'Staff'),
('6d1ddea1-d107-4cd9-8185-853780a17d3e', 'tsdao@hcmiu.edu.vn', '$2a$10$N9qo8uLOickgx2ZMRZoMyeIjZAgcfl7p92ldGxad68LJZdL17lhWy', 'Staff'),
('4c899935-88a9-4dd5-a513-6af88ef44090', 'nvhchau@hcmiu.edu.vn', '$2a$10$N9qo8uLOickgx2ZMRZoMyeIjZAgcfl7p92ldGxad68LJZdL17lhWy', 'Staff'),
('5941e020-e200-4675-9f45-8da4bf5ae849', 'mtkien@hcmiu.edu.vn', '$2a$10$N9qo8uLOickgx2ZMRZoMyeIjZAgcfl7p92ldGxad68LJZdL17lhWy', 'Staff'),
('ae193648-015a-45c0-9521-ebefc3557019', 'lvphuc@hcmiu.edu.vn', '$2a$10$N9qo8uLOickgx2ZMRZoMyeIjZAgcfl7p92ldGxad68LJZdL17lhWy', 'Staff'),
('98e1ecbc-5b0c-4e91-a10e-6145b392bc0b', 'hdsinh@hcmiu.edu.vn', '$2a$10$N9qo8uLOickgx2ZMRZoMyeIjZAgcfl7p92ldGxad68LJZdL17lhWy', 'Staff'),
('db27cfbd-3872-41a6-849d-63b823d73208', 'ntman@hcmiu.edu.vn', '$2a$10$N9qo8uLOickgx2ZMRZoMyeIjZAgcfl7p92ldGxad68LJZdL17lhWy', 'Staff'),
('a80792d4-becf-4918-bc5a-b3813451f8b8', 'nthan@hcmiu.edu.vn', '$2a$10$N9qo8uLOickgx2ZMRZoMyeIjZAgcfl7p92ldGxad68LJZdL17lhWy', 'Staff'),
('c29352c9-6fa1-428c-9e37-aed879705d2a', 'ntbha@hcmiu.edu.vn', '$2a$10$N9qo8uLOickgx2ZMRZoMyeIjZAgcfl7p92ldGxad68LJZdL17lhWy', 'Staff'),
('9867ca06-e282-445a-b0a0-6157571ebe66', 'mnkhuong@hcmiu.edu.vn', '$2a$10$N9qo8uLOickgx2ZMRZoMyeIjZAgcfl7p92ldGxad68LJZdL17lhWy', 'Staff'),
('ba086710-b9cd-4bb6-848b-272f2e49f423', 'nnathu@hcmiu.edu.vn', '$2a$10$N9qo8uLOickgx2ZMRZoMyeIjZAgcfl7p92ldGxad68LJZdL17lhWy', 'Staff'),
('b038c734-800d-49d9-a679-f4c1a1cf8966', 'nmquan@hcmiu.edu.vn', '$2a$10$N9qo8uLOickgx2ZMRZoMyeIjZAgcfl7p92ldGxad68LJZdL17lhWy', 'Staff'),
('3e0d113f-0d63-422f-b693-5694f8ac95c9', 'ndhieu@hcmiu.edu.vn', '$2a$10$N9qo8uLOickgx2ZMRZoMyeIjZAgcfl7p92ldGxad68LJZdL17lhWy', 'Staff'),
('a36ce3b7-b9ee-4eed-b350-801501586d23', 'dhqngoc@hcmiu.edu.vn', '$2a$10$N9qo8uLOickgx2ZMRZoMyeIjZAgcfl7p92ldGxad68LJZdL17lhWy', 'Staff'),
('ae50beae-3226-42a7-b056-f55dad24825a', 'ltpmhoang@hcmiu.edu.vn', '$2a$10$N9qo8uLOickgx2ZMRZoMyeIjZAgcfl7p92ldGxad68LJZdL17lhWy', 'Staff'),
('311b1c31-615e-470b-8c36-856e86f66d01', 'ndylinh@hcmiu.edu.vn', '$2a$10$N9qo8uLOickgx2ZMRZoMyeIjZAgcfl7p92ldGxad68LJZdL17lhWy', 'Staff'),
('3752c49f-71d4-4d50-b510-06711f456df6', 'pvhanh@hcmiu.edu.vn', '$2a$10$N9qo8uLOickgx2ZMRZoMyeIjZAgcfl7p92ldGxad68LJZdL17lhWy', 'Staff');

INSERT INTO Staff (id, employee_code, staff_first_name, staff_last_name, hire_date, department, user_id) VALUES
('bcd08c66-c834-439e-8b82-42ffc34accc2', 'MA00121', 'Quan', 'Nguyen', '2022-01-01', 'MA', 'a9918ec8-7a33-44d8-a945-a83a790f9804'),
('41b9eba8-7caf-4b6e-879a-eca429e497ce', 'MA00099', 'Hai', 'Nguyen', '2022-01-01', 'MA', '39e6c77a-2146-4e19-b75d-96902638e10b'),
('15311042-7932-436f-8de1-da56e351bc97', 'MA00123', 'An', 'Le', '2022-01-01', 'MA', 'a08a599c-620a-4bdd-a887-44f5819720e2'),
('64feb514-88b5-472c-8521-a449a564fba4', 'MA00470', 'Dinh', 'Nguyen', '2022-01-01', 'MA', '7e2c647b-7d79-4dcf-8063-fe01a2ebd928'),
('700252f8-5de9-4bad-8273-9140dbe18be4', 'MA00200', 'Tu', 'Nguyen', '2022-01-01', 'MA', '21b04ce4-b213-4966-9410-31527b6c3cd2'),
('0d808f27-52a0-48f5-9d82-f6bbfb9ae989', 'MA00202', 'Thanh', 'Mai', '2022-01-01', 'MA', '21477d77-0103-4688-b3e9-5a04b7160604'),
('29f48681-ad14-4244-b22f-bf51a47c0a37', 'MA00100', 'Ngoc', 'Pham', '2022-01-01', 'MA', '15c08569-f599-4c54-95b1-755a32d8d756'),
('c0b641b5-fbe2-4e3d-b784-b559aa75fcd6', 'MA00101', 'Van', 'Nguyen', '2022-01-01', 'MA', 'f8e84027-108d-4ff1-907c-56751c9ebc43'),
('80466de5-0b3c-435e-9f6a-2da45b2443b1', 'MA00203', 'Ha', 'Pham', '2022-01-01', 'MA', '38e85825-c50b-49dd-a4c1-7ca3fb69a241'),
('aa675330-023a-4844-8954-76484ae6aabd', 'IT00101', 'Nghia', 'Nguyen', '2022-01-01', 'CSE', '7c4f770f-152e-4829-97f4-7bbd14719a89'),
('be9a38a9-e521-48ca-8966-58854106cd70', 'IT00100', 'Loan', 'Nguyen', '2022-01-01', 'CSE', 'd8001a88-5f50-4c9d-93c7-891a030a3c7f'),
('c0bed6fa-c40d-4a52-b19b-bc89243d70f4', 'IT00102', 'Ky', 'Nguyen', '2022-01-01', 'CSE', '5dd12932-4b84-4818-b09f-4ef10e2d7aca'),
('7eb1cdd8-d7de-4b13-be74-2fe53253e8b2', 'IT00400', 'Tan', 'Le', '2022-01-01', 'CSE', '66264440-3cd4-43a1-be0f-67ac2ca91f6a'),
('76a580c9-8e26-4e20-9ff7-bcce5cbef97a', 'IT00123', 'Vu', 'Dinh', '2022-01-01', 'CSE', '3249fde3-901e-4582-a5bb-ed67ad702674'),
('f76afb69-78f5-4f54-bf03-44f2b61b7cc5', 'IT00235', 'Tin', 'Thai', '2022-01-01', 'CSE', '0bdba8f6-fbfb-4d8e-addf-0c846a486268'),
('d89e051f-914a-4048-b80e-3fbac717980a', 'IT00098', 'Nhan', 'Dang', '2022-01-01', 'CSE', 'c6e7d851-853a-4c27-ab57-dd513268c63b'),
('0ef4ca61-973d-4f58-bf79-78821368011a', 'IT00567', 'Tung', 'Tran', '2022-01-01', 'CSE', '47c1e927-2b58-4ed8-84c8-9b70d1edf9c3'),
('ce006067-2145-485c-8445-28abf4ab9765', 'IT00789', 'Synh', 'Ha', '2022-01-01', 'CSE', '2c28ae4b-f313-43bd-8930-61459375672c'),
('2c97c846-a689-4933-844d-3bf3058aa4c8', 'EE00319', 'Minh', 'Nguyen', '2022-01-01', 'EE', 'cd9518cd-3e03-4f8c-a609-03156e1a202d'),
('3562cb62-37da-44c1-9350-fbc6c51c4fc2', 'EE00367', 'Duong', 'Nguyen', '2022-01-01', 'EE', '5b0b40e2-75f4-473f-860d-0acafdd176f7'),
('ef3509a7-7916-4520-abb5-c0046a788cef', 'EE00234', 'Uyen', 'Nguyen', '2022-01-01', 'EE', 'd6dea0bf-d8c7-4d55-a35b-0f2eb23b3c3e'),
('be179f9a-33f9-43ad-9cff-37daaa46c10a', 'EE00123', 'Luong', 'Nguyen', '2022-01-01', 'EE', '0d55a61e-0e18-4a7c-94b6-f04d557ac3e3'),
('1288639a-238c-4b06-ae24-91642672c944', 'EE00098', 'Huy', 'Nguyen', '2022-01-01', 'EE', 'b764f3d6-911b-4658-81a5-4971f46df59e'),
('a2a8f1cd-fc8d-4116-83f9-3ed040a5da2f', 'EE00389', 'Luat', 'Nguyen', '2022-01-01', 'EE', 'a76f57c1-8f47-4843-ba32-0a91dfda3252'),
('04001cf4-0b2c-4d15-b196-6450b0a60c26', 'EE00096', 'Thien', 'Nguyen', '2022-01-01', 'EE', '9a9d7038-a0ad-46ce-9609-2be76414252e'),
('1590c44a-c569-4744-af4a-22b6eec8413e', 'EE00145', 'Binh', 'Nguyen', '2022-01-01', 'EE', 'c16bca37-0e20-4328-a2e2-16b9228cb8f5'),
('f3175109-6a0d-4485-bead-50554cddd930', 'EE00275', 'Hieu', 'Nguyen', '2022-01-01', 'EE', '15018a5e-7499-4a7f-bab8-43fefb2c7860'),
('926a6dcd-0eb8-41ba-8338-2716788e2e3d', 'EE00456', 'Uyen', 'Nguyen', '2022-01-01', 'EE', '7772c2cd-16c5-4da0-8eb5-1f0474c97142'),
('1711ca22-ae35-42ff-85c6-9d05dda28045', 'EE00339', 'Su', 'Tran', '2022-01-01', 'EE', 'af8ff533-7596-498d-9543-0ca0919da1ef'),
('c5e8c827-26a9-40b4-97da-76d0489b1cc7', 'EE00012', 'Hieu', 'Tran', '2022-01-01', 'EE', 'c36f3f62-2d07-46d6-8c09-713e1982d8c9'),
('fef1beed-4b49-471c-b308-524e53742aa7', 'EE00111', 'Thanh', 'Vo', '2022-01-01', 'EE', 'ffe267bb-3571-4433-aaf0-a2d60d3a1638'),
('26ba9823-cceb-45da-a7ad-beabee1badfc', 'EE00099', 'Kien', 'Pham', '2022-01-01', 'EE', '7498ce47-8baf-4317-ab88-e174e27f5ffb'),
('0123f34c-153b-474a-a0e9-a1d794f5a559', 'EE00074', 'Quoc', 'Huynh', '2022-01-01', 'EE', '947fb515-8288-4292-ae90-f78c73803bf8'),
('ff50cb48-4150-4fd9-94d2-9a714d226dd7', 'EE00121', 'Bao', 'Vuong', '2022-01-01', 'EE', 'dedce088-e495-48c7-8d2e-356c4ac9e19d'),
('954ed1bb-8dbb-4c84-abae-1819d0d3a998', 'EE00036', 'Dung', 'Huynh', '2022-01-01', 'EE', '36ab69aa-8982-4ffa-84ad-62d6fc7d7759'),
('2d6f63d0-2e25-46d2-ac9b-e75d2b9e2af8', 'EE00102', 'Hung', 'Do', '2022-01-01', 'EE', 'f5006fe9-2730-4e96-a9f8-9101e5e987a5'),
('e3d1c7bf-3dcc-49eb-9d63-3a3a350dad23', 'EE00124', 'Hien', 'Ta', '2022-01-01', 'EE', '0b701ca9-43a1-4c27-ad9a-22f198514d92'),
('049a3bd3-d465-46e1-bc07-ab8e10f1df26', 'EE00060', 'Long', 'Ton', '2022-01-01', 'EE', 'c05f9f6f-0aa6-4562-abab-00d3951676c3'),
('9487e139-23ca-4130-adf6-21ccf5ac9ad7', 'EE00301', 'Kien', 'Trang', '2022-01-01', 'EE', '5f1d019e-21fe-43e4-8996-f17c20094593'),
('e7f0f890-bfa9-4660-90e5-6fb093413d96', 'IE00147', 'Anh', 'Duong', '2022-01-01', 'IE', '084e2328-4625-44d0-a552-4cca9ca711eb'),
('dab73951-4cfe-4ec7-adfc-814b273643b8', 'IE00024', 'Hoa', 'Ho', '2022-01-01', 'IE', '79dcd1d5-0902-473a-a9d9-b68b5837cd44'),
('0f024453-9a87-4dd4-a021-a5000cc06824', 'IE00256', 'Uyen', 'Ngo', '2022-01-01', 'IE', '5615dc03-c0c9-4299-8b61-d4c10178bf1f'),
('f80275fa-bfb1-4810-9505-9ffd53ccfa86', 'IE00143', 'Vy', 'Tran', '2022-01-01', 'IE', '5305c325-b588-4a7d-aad7-ac25a13797b0'),
('00e8e88b-d308-4e94-ad0a-92b26bf6559d', 'IE00277', 'Linh', 'Nguyen', '2022-01-01', 'IE', '8025d259-1ae4-41fe-af52-1c2d0057496a'),
('f23f3bda-f69b-43bb-bcf6-ebabd8e95c6b', 'IE00123', 'Anh', 'Duong', '2022-01-01', 'IE', 'd5cf2487-6f9b-4929-bab8-3abd0e50f782'),
('69de1aa9-bb04-4b94-9d8e-e6996d98a2be', 'IE00091', 'Tan', 'Tran', '2022-01-01', 'IE', 'acde711e-7644-4606-994d-2352735b23a7'),
('0cd50a3d-13c1-4daf-a58a-6f09bb56dabf', 'IE00081', 'Nha', 'Doan', '2022-01-01', 'IE', '58cbd5d4-eabb-4b4e-9353-f046e94c12c2'),
('fb5dc4e8-1cbb-456e-b0d3-723feec96d1d', 'IE00111', 'Chi', 'Ha', '2022-01-01', 'IE', '03cd5a8b-6965-4319-8c47-5df59fee0f7b'),
('bcf0cde4-3eef-4920-9111-d8dd007aca7f', 'IE00121', 'Chung', 'Nguyen', '2022-01-01', 'IE', '609e9408-8450-4c04-ba1c-1f05e61957c5'),
('fe7dc613-3769-4a21-b0c6-752e0b43128f', 'IE00124', 'Tram', 'Pham', '2022-01-01', 'IE', '725cdb25-048d-4457-81c7-1259ad615c03'),
('13f3a8f0-9241-4537-b1bc-84142e69a712', 'IE00212', 'Phuc', 'Phan', '2022-01-01', 'IE', '2d716d29-d544-47fa-8d20-ef2f14f07525'),
('b0edcfed-ba7a-4dff-a85d-7f3c9bb7501a', 'IE00267', 'Ly', 'Tran', '2022-01-01', 'IE', 'f2bf55a7-759c-4674-8a18-073c1aceaa92'),
('98154c71-0347-44f5-9dae-6929eb8c2716', 'IE00158', 'Thao', 'Nguyen', '2022-01-01', 'IE', '3d3af08e-83bc-4f24-a0e4-42223d7f7ae5'),
('d142e893-f889-466d-92c2-a853a26a6f41', 'IE00157', 'Hoa', 'Nguyen', '2022-01-01', 'IE', '2227470a-dafc-45c9-969d-8faa9cc60210'),
('0a4f2a4c-fdf3-48e1-9134-0b5218a16323', 'IE00247', 'Quynh', 'Phan', '2022-01-01', 'IE', '2a67f5cc-f90c-40d2-b9bd-088b0e0d8dd5'),
('987da423-662f-4d9d-9ef7-b80ae25c0673', 'IE00031', 'Tan', 'Pham', '2022-01-01', 'IE', '98595d4e-7193-412c-b836-2edf9d0e56c5'),
('3e0900de-8db2-4e57-9760-85e212f6e958', 'BA00107', 'Tri', 'Ha', '2022-01-01', 'BA', 'e4f587d3-d1f6-48d6-95f2-e49fe9664a4e'),
('289b1c0d-bee5-4537-a556-32dde5c94735', 'BA00101', 'Thong', 'Bui', '2022-01-01', 'BA', 'af4b1c9b-a3db-4333-b9d7-62da38fd61f8'),
('ef0c599f-5d01-4d41-93b7-d7a97dbaa62c', 'BA00099', 'Nhat', 'Pham', '2022-01-01', 'BA', '825c3179-e309-4d5a-aaa5-e099a17d08fb'),
('8a395526-f9f1-492a-b4f7-41c3d25fa20e', 'BA00011', 'Hien', 'Bui', '2022-01-01', 'BA', 'c150250b-869b-42b4-abed-01c75c65cf6c'),
('30e4ab28-1d3d-4c67-91bd-8b5a451d012b', 'BA00076', 'Anh', 'Phan', '2022-01-01', 'BA', '10b7752d-7941-4199-9493-38e1ef417c50'),
('62db1069-47db-4c24-bbba-f2ef6aa92a9f', 'BA00129', 'Tung', 'Nguyen', '2022-01-01', 'BA', '427934df-231e-4056-b17b-fb5774a91024'),
('7b589a2d-fcc6-4fcc-ba47-94b32c73f318', 'BA00029', 'Trang', 'Le', '2022-01-01', 'BA', '636ae756-6031-4234-88cd-100d7339e701'),
('4facd65a-8e0f-43e5-a3d1-ef00bc1fe267', 'BA00181', 'Minh', 'Phan', '2022-01-01', 'BA', 'b252fb83-9767-46b8-93f1-88a8436aa5af'),
('d8bcf7fe-6a7a-42ce-906b-638313c435c4', 'BA00211', 'Phu', 'Nguyen', '2022-01-01', 'BA', 'ec3b9c21-0839-48d7-8ae6-5eac2705e000'),
('efbac479-5e85-4d0a-8ffd-aad1f38cdb63', 'BA00044', 'Hien', 'Huynh', '2022-01-01', 'BA', '7f074736-ba42-4547-9bc2-35d158857629'),
('31c2fc00-b59a-47bc-8023-4e913357bcfd', 'BA00010', 'Man', 'Cao', '2022-01-01', 'BA', 'c51a7975-5749-482a-86db-09f57b386fcd'),
('9bcdf8ce-a85d-4e54-ba7c-0a0a84d28314', 'BA00201', 'Huan', 'Vo', '2022-01-01', 'BA', 'c2bd0c49-b7f4-4049-bfec-007a7f00e265'),
('73c1b4bf-482f-4811-8498-9d39dc1db6eb', 'BA00120', 'Anh', 'Nguyen', '2022-01-01', 'BA', '81853141-8da4-44bf-b579-67eb91b3448d'),
('fc801179-870d-48f6-b293-1d951569757f', 'BA00156', 'Chinh', 'Nguyen', '2022-01-01', 'BA', '76a409dc-ff4d-4f8c-872b-ca77af14110e'),
('96f3e982-2b0a-48a5-9621-20bfb6f760e8', 'BA00145', 'Ha', 'Luong', '2022-01-01', 'BA', '3a36d3b0-9ff9-41d6-97f0-12ca9c7bae6f'),
('b28e27ca-8333-4877-b30d-e22ed2bdfe17', 'BA00189', 'Tien', 'Nguyen', '2022-01-01', 'BA', 'fda3c10a-52ce-4ef0-a620-696a77060dde'),
('323a01c9-9492-42f3-8241-a0610b0886a6', 'BA00111', 'Thanh', 'Bui', '2022-01-01', 'BA', '48f6cda3-83af-4774-9d9a-b61a6df326ad'),
('67beb6ff-5918-4c58-bfe3-13c6c3da293a', 'BA00103', 'Trinh', 'Dinh', '2022-01-01', 'BA', '56a3aacd-91ad-403f-8c04-9eab0afe28c9'),
('1bf274ec-e82e-4cca-96f4-137ad8593865', 'BA00075', 'Tram', 'Nguyen', '2022-01-01', 'BA', '62e2cf84-955d-4d88-841e-733a42d225b4'),
('e85f19d8-8f70-4d08-9e73-fbe2a8ff823b', 'BA00085', 'Linh', 'Phung', '2022-01-01', 'BA', '236ac159-bd05-4c89-99c8-f88d4edf3356'),
('e44d4f47-ac47-418a-a01c-6b7101d98fd8', 'BA00187', 'Huyen', 'Pham', '2022-01-01', 'BA', '345b5f9b-7bf2-40ed-8d0d-3cd40c2165c6'),
('079c9a98-a49e-4ffe-b645-5521d74a6b7a', 'BA00185', 'Han', 'Ton', '2022-01-01', 'BA', 'c35d7103-c209-4e5e-9769-5d70d2b9d1cb'),
('3c3f0777-3472-4b01-8636-1a7d1e342ebf', 'BA00110', 'Thao', 'Dang', '2022-01-01', 'BA', '7ac2dbd7-7e3c-4eea-8745-71e59cba5739'),
('82af49ee-406b-4475-9d79-cd1260e0b190', 'BA00212', 'Tri', 'Le', '2022-01-01', 'BA', '289a2915-9c52-42ca-9440-2b823c312e23'),
('a6fc88d6-c04f-402b-8b35-bcd6d7fc1c3c', 'BA00088', 'Hieu', 'Ho', '2022-01-01', 'BA', '66fb5820-5d6c-46b2-8eaf-adb1d94643cb'),
('8020e967-1a1b-472c-866a-f2bffb4d1d44', 'BA00037', 'An', 'Nguyen', '2022-01-01', 'BA', '5faf5d3e-5625-4d65-8e4e-c0a82951a4de'),
('d4b2058d-8ab8-4a15-a7ff-4a1d459d6a4b', 'BA00155', 'Hung', 'Nguyen', '2022-01-01', 'BA', '2e449a44-6128-43ab-bfef-78d646d5c24d'),
('34597872-f68c-4806-8fbd-e85774c7e3af', 'BA00148', 'Minh', 'Nguyen', '2022-01-01', 'BA', '78004382-e01d-4f51-b43d-093bd5eb67f9'),
('8c62f150-5cb0-4bfa-b62c-271cd0924d9d', 'BA00149', 'Dao', 'Tran', '2022-01-01', 'BA', '6d1ddea1-d107-4cd9-8185-853780a17d3e'),
('d6b74389-6eab-4ed1-b55b-1eb3060237d7', 'BA00128', 'Chau', 'Nguyen', '2022-01-01', 'BA', '4c899935-88a9-4dd5-a513-6af88ef44090'),
('3a7e262e-1d0c-40fd-9e70-a8c821655540', 'BA00144', 'Kien', 'Mai', '2022-01-01', 'BA', '5941e020-e200-4675-9f45-8da4bf5ae849'),
('ae1aa187-c6ec-4710-a5da-4382d23eb903', 'BA00001', 'Phuc', 'Lai', '2022-01-01', 'BA', 'ae193648-015a-45c0-9521-ebefc3557019'),
('152e8081-b257-4585-bbe7-81de196a4285', 'BA00013', 'Sinh', 'Hoang', '2022-01-01', 'BA', '98e1ecbc-5b0c-4e91-a10e-6145b392bc0b'),
('19a43c29-aba9-46c0-bd20-4f4be47b8777', 'BA00199', 'Man', 'Nguyen', '2022-01-01', 'BA', 'db27cfbd-3872-41a6-849d-63b823d73208'),
('ca30db51-2356-4a6f-b0bc-2de040c3a115', 'BA00200', 'An', 'Nguyen', '2022-01-01', 'BA', 'a80792d4-becf-4918-bc5a-b3813451f8b8'),
('a3b16fc5-d3fd-40b1-8f52-d66fa0b8d130', 'BA00203', 'Ha', 'Nghiem', '2022-01-01', 'BA', 'c29352c9-6fa1-428c-9e37-aed879705d2a'),
('62f88827-e93b-44b0-b73b-31ea7f5df1b1', 'BA00320', 'Khuong', 'Mai', '2022-01-01', 'BA', '9867ca06-e282-445a-b0a0-6157571ebe66'),
('7f51c2e1-7502-4e8f-8d96-54885e98fe10', 'BA00299', 'Thu', 'Nguyen', '2022-01-01', 'BA', 'ba086710-b9cd-4bb6-848b-272f2e49f423'),
('09d77b45-9e4d-4776-b617-2b2f3a729636', 'BA00113', 'Quan', 'Nguyen', '2022-01-01', 'BA', 'b038c734-800d-49d9-a679-f4c1a1cf8966'),
('18a5bf93-92a7-45de-b1a2-bccea0e2cefa', 'BA00157', 'Hieu', 'Nguyen', '2022-01-01', 'BA', '3e0d113f-0d63-422f-b693-5694f8ac95c9'),
('6f4fe334-ded8-4468-bbb9-f2e6ab90a22a', 'BA00151', 'Ngoc', 'Do', '2022-01-01', 'BA', 'a36ce3b7-b9ee-4eed-b350-801501586d23'),
('c6fb86e7-b218-41ae-853d-ac4a57e30370', 'BA00121', 'Hoang', 'Le', '2022-01-01', 'BA', 'ae50beae-3226-42a7-b056-f55dad24825a'),
('f9c62c8d-03c3-46ae-a192-ed37e8c56b93', 'BA00102', 'Linh', 'Nguyen', '2022-01-01', 'BA', '311b1c31-615e-470b-8c36-856e86f66d01'),
('3ef0869f-42ae-46df-b197-2807949c1ff2', 'BA00031', 'Hanh', 'Phuoc', '2022-01-01', 'BA', '3752c49f-71d4-4d50-b510-06711f456df6');

INSERT INTO Student (id, student_code, student_first_name, student_last_name, enrollment_date, user_id, advisor_id) VALUES
('cc8d45c7-4ffd-42c1-abb7-6c87a76ab8df', 'ITITWE24025', 'Thu', 'Nguyen', '2024-09-05', '99b60f84-3d3a-4125-981a-e86b11a7e53d', 'd8bcf7fe-6a7a-42ce-906b-638313c435c4'),
('1d12e225-c62f-4f0d-ac8a-a95fa6e44922', 'ITDSIU24042', 'Quynh', 'Le', '2024-09-05', '3a9f36d9-61cf-4b82-91ff-697b73e63645', 'd8bcf7fe-6a7a-42ce-906b-638313c435c4'),
('339fc550-8478-4d81-82f1-487b986b85ba', 'FAECIU24065', 'Na', 'Nguyen', '2024-09-05', '5cbf7a38-7c8d-42f8-9e78-009db10803ef', 'd8bcf7fe-6a7a-42ce-906b-638313c435c4'),
('c20fd8e1-85de-4f7b-9a87-d3b6953dfcd2', 'ITDSIU24011', 'Chau', 'Tran', '2024-09-05', '3b4ddf4e-1235-4f8d-8727-aeddc6875ae7', 'd8bcf7fe-6a7a-42ce-906b-638313c435c4'),
('e74950de-ea53-48f1-b327-7db88b21313a', 'ITDSIU24029', 'Linh', 'Do', '2024-09-05', '1a2b5536-6b42-4633-9fee-1edcddafd97f', 'd8bcf7fe-6a7a-42ce-906b-638313c435c4'),
('f0fc23aa-328a-458c-8f4e-7a36529c7463', 'ITDSIU24037', 'Nhi', 'Pham', '2024-09-05', '3c173caf-13b9-4350-9076-031c2995d0f7', 'd8bcf7fe-6a7a-42ce-906b-638313c435c4'),
('d20b7503-db0f-4dee-ae5c-fbda8b052126', 'MAMAIU24007', 'Anh', 'Nguyen', '2024-09-05', '7780b3f6-a235-4a63-b3c7-24d53187f2ee', 'd8bcf7fe-6a7a-42ce-906b-638313c435c4'),
('46025438-2ab3-440a-8a2c-97bb4f439a45', 'MAMAIU24028', 'Lien', 'Lam', '2024-09-05', 'a925a288-87bd-42f0-95f1-0931557c3dd6', 'd8bcf7fe-6a7a-42ce-906b-638313c435c4'),
('1664e914-38ed-4531-83e7-de1d1d58f447', 'MAMAIU24033', 'Ngan', 'Nguyen', '2024-09-05', '25a0daa0-e0dc-4a7b-a5b4-823551bd0e86', 'd8bcf7fe-6a7a-42ce-906b-638313c435c4'),
('52f8f7b4-da65-4786-9738-ff5468d568f0', 'MAMAIU24038', 'Nhu', 'Ngo', '2024-09-05', '4c3245c4-e6c7-41c6-aa0d-138269f970a6', 'd8bcf7fe-6a7a-42ce-906b-638313c435c4'),
('352f6a1a-b961-4e46-b91c-c71f9cc4cce9', 'MASTIU24013', 'Nhi', 'Nguyen', '2024-09-05', 'f30d801b-6f04-4236-afa1-f4f34b5405c2', 'd8bcf7fe-6a7a-42ce-906b-638313c435c4'),
('da38f162-7512-46f3-98f8-051ff46b24f9', 'IELSIU24121', 'Nhu', 'Dang', '2024-09-05', '557158b3-d168-40e5-adff-3f8b9211ee20', 'd8bcf7fe-6a7a-42ce-906b-638313c435c4'),
('1459bb29-5f99-48f8-88b5-dcfb325d89eb', 'EEACIU24081', 'Nhi', 'Pham', '2024-09-05', 'eddb44be-167d-4bfd-9437-a7bd8eef1a97', 'd8bcf7fe-6a7a-42ce-906b-638313c435c4'),
('fe13aa0d-b67a-41d5-9d69-da4f751692d1', 'EEEEIU24048', 'Kim', 'Nguyen', '2024-09-05', '27cd4fb6-ba20-4098-b4d0-8f836c3f1ecc', 'd8bcf7fe-6a7a-42ce-906b-638313c435c4'),
('dc6a7fcc-26da-49a4-98ce-6e834f05d816', 'ITITWE23045', 'Anh', 'Nguyen', '2023-09-05', '592f5325-3869-455c-9166-095baf097d4e', 'd8bcf7fe-6a7a-42ce-906b-638313c435c4'),
('24f84e90-0097-44e0-8139-0ed226c9af83', 'ITITDK23011', 'Hieu', 'Nguyen', '2023-09-05', '7a4ff940-7880-4835-9f9c-9a3da33ba420', 'd8bcf7fe-6a7a-42ce-906b-638313c435c4'),
('a7fff4c8-37c2-4301-95dc-eab0e5afdbb2', 'ITITWE23077', 'Man', 'Nguyen', '2023-09-05', '9642c942-bfb7-409d-ae14-b17518f37f10', 'd8bcf7fe-6a7a-42ce-906b-638313c435c4'),
('a7cc90af-9787-4114-ab32-a5f2a31ce045', 'ITITDK23019', 'An', 'Nguyen', '2023-09-05', '973be0b3-037a-49b1-847e-b32b5cd83033', 'd8bcf7fe-6a7a-42ce-906b-638313c435c4'),
('336ea151-2d5a-4320-a6b8-c3d873ec9581', 'ITITIU20331', 'Trung', 'Nguyen', '2020-09-05', 'e688c9d9-419e-4fca-b3fb-e75bb43a8585', 'd8bcf7fe-6a7a-42ce-906b-638313c435c4'),
('bdff6361-6394-4929-9902-dfdb6c38bc22', 'ITDSIU23006', 'Hai', 'Nguyen', '2023-09-05', '877ac3b1-2ae3-498e-ac40-f34332d4bb0b', 'd8bcf7fe-6a7a-42ce-906b-638313c435c4'),
('ada5e766-a45b-4351-83b7-b4ca9b94342d', 'ITITWE23031', 'Huy', 'Nguyen', '2023-09-05', 'd0d5829c-8ab1-4e84-b5b7-e592924ea0d7', 'd8bcf7fe-6a7a-42ce-906b-638313c435c4'),
('c801ce44-b91d-488b-aeeb-8f70c308137d', 'ITITIU24041', 'Nhan', 'Le', '2024-09-05', 'a525dd1e-28ec-419a-92c8-4f53e7bfaa6b', 'd8bcf7fe-6a7a-42ce-906b-638313c435c4'),
('0013fd39-b49e-4f34-8098-f67125d146d5', 'ITITIU24023', 'Huy', 'Nguyen', '2024-09-05', '525d1845-a9d6-499b-83a2-970aaa41e6a2', 'd8bcf7fe-6a7a-42ce-906b-638313c435c4'),
('c757aa20-490d-48bd-b711-bc9c2894d372', 'ITITWE24057', 'Na', 'Nguyen', '2024-09-05', '9e95b166-e0c6-4ff0-bf1d-efc787818dbf', 'd8bcf7fe-6a7a-42ce-906b-638313c435c4'),
('086a8552-e53e-4035-9304-1ca9d4b8ece5', 'SESEIU24015', 'Ky', 'Vu', '2024-09-05', '729e2fe6-c74f-4d9b-a86b-88ba510ec893', 'd8bcf7fe-6a7a-42ce-906b-638313c435c4'),
('60e00585-f82e-4ee5-8dc7-1e6f466b33eb', 'BABAIU22659', 'Tram', 'Pham', '2022-09-05', 'a8ee6c89-6ed4-4f5f-a119-c2f32d5f138f', 'd8bcf7fe-6a7a-42ce-906b-638313c435c4'),
('780ec255-1a03-4539-aac5-e9ff0e06a324', 'IELSIU24156', 'Thanh', 'Nguyen', '2024-09-05', '43104194-f764-4092-8c71-3f3a9b98a85b', 'd8bcf7fe-6a7a-42ce-906b-638313c435c4'),
('22b13bc3-dd2d-4750-9c2c-5f1803d9f248', 'MAMAIU23020', 'Hau', 'Ngo', '2023-09-05', '6154a614-1c2d-44e6-bf82-90f39f687167', 'd8bcf7fe-6a7a-42ce-906b-638313c435c4'),
('c9966227-82f0-4b5c-940c-b874a0d8bb26', 'FAECIU24104', 'Thu', 'Pham', '2024-09-05', 'bccf8df3-0825-4c57-91dc-2616bc65cdfe', 'd8bcf7fe-6a7a-42ce-906b-638313c435c4'),
('99ea449a-9343-44f6-b6c9-29c212c9c507', 'FAFBIU25034', 'Hang', 'Nguyen', '2025-09-05', '69077f27-8897-4759-bc66-5e4b9cc56c54', 'd8bcf7fe-6a7a-42ce-906b-638313c435c4'),
('bb1e7a7b-7eb3-42cc-9852-c3e6110245ae', 'FAECIU24048', 'Khanh', 'Phan', '2024-09-05', '410b8c2a-1a92-4fab-8773-ebce8d766616', 'd8bcf7fe-6a7a-42ce-906b-638313c435c4'),
('b2f0d42f-e1e5-4e48-950c-b29ae7a034c1', 'BABAIU22025', 'Sang', 'Nguyen', '2022-09-05', '182664bb-8f58-42f4-84ea-a9f2bad6d390', 'd8bcf7fe-6a7a-42ce-906b-638313c435c4'),
('546ad211-4e02-4c9e-96ea-bcaabf893e28', 'BTBTIU24064', 'Nam', 'Nguyen', '2024-09-05', '2be3532e-8c98-4c8b-933f-e003532750e9', 'd8bcf7fe-6a7a-42ce-906b-638313c435c4'),
('22a2abbf-cc6e-4e52-88b4-1d9873847e6a', 'BEBEIU23072', 'Dung', 'Nguyen', '2023-09-05', 'dd5dbd47-9fa7-4939-a43e-106590cb6dc2', 'd8bcf7fe-6a7a-42ce-906b-638313c435c4'),
('f1cb346a-a0f6-4489-ae8c-7d8435fd567f', 'ITITIU24065', 'Tien', 'Huynh', '2024-09-05', '32f5a52b-bca3-45e1-83c0-c44f2b533fe4', 'd8bcf7fe-6a7a-42ce-906b-638313c435c4'),
('fa6ba968-eca6-411d-af07-814cc70b6ad8', 'ITCSIU24086', 'Tin', 'Le', '2024-09-05', 'e60a79b8-5df4-459a-a608-c35faf2b218b', 'd8bcf7fe-6a7a-42ce-906b-638313c435c4'),
('f4af8e1e-484a-484f-9d5b-1247245f10e1', 'ITITWE22171', 'Van', 'Tran', '2022-09-05', '56cccec0-6a8b-4159-8668-e73c38de5208', 'd8bcf7fe-6a7a-42ce-906b-638313c435c4'),
('4687d2d8-83e7-4f11-b013-d72ebf719ee2', 'IELSIU24074', 'Khoi', 'Nguyen', '2024-09-05', 'f5447df5-c91d-40a9-bf96-e7b7e0ab53b5', 'd8bcf7fe-6a7a-42ce-906b-638313c435c4'),
('1655e6b5-05f7-4fcb-a61b-2e66fa44b3de', 'ITITWE24052', 'Khoi', 'Nguyen', '2024-09-05', '74eb025d-423b-4945-8849-2fb3bc5bf8d5', 'd8bcf7fe-6a7a-42ce-906b-638313c435c4'),
('ef71e3e7-0f3b-44a6-8633-3d880f14c73b', 'ITITWE24039', 'Dien', 'Nguyen', '2024-09-05', '84c300e8-fb60-4e45-9683-68e8963b4b80', 'd8bcf7fe-6a7a-42ce-906b-638313c435c4'),
('9abb698c-30ae-46f7-b16c-3157986aced1', 'ITITWE24009', 'Han', 'Pham', '2024-09-05', 'ea5b52a1-937c-4240-8cfa-dfa8a61d72ef', 'd8bcf7fe-6a7a-42ce-906b-638313c435c4'),
('01a1dbe3-5330-46f9-85fe-d8a378bbaf16', 'ENENWE24040', 'Han', 'Nguyen', '2024-09-05', 'bacf71be-bda7-4420-850d-f0f0654cd51c', 'd8bcf7fe-6a7a-42ce-906b-638313c435c4'),
('ca6abeaa-2063-4844-af75-b829308548c6', 'ENENWE24110', 'Tran', 'Nguyen', '2024-09-05', 'e0351934-51b6-497a-826b-c987e18b029f', 'd8bcf7fe-6a7a-42ce-906b-638313c435c4'),
('2bf07806-6f5a-439b-9fa6-aa6da166088e', 'MASTIU24021', 'Vy', 'Huynh', '2024-09-05', 'a85dcd49-2f99-4287-8b09-431ca6c740ab', 'd8bcf7fe-6a7a-42ce-906b-638313c435c4'),
('b623e291-0dbb-4551-a55d-27711cb95a9a', 'BTFTIU24038', 'Thanh', 'Trinh', '2024-09-05', 'c6fedc34-48f7-4f8a-8330-4149b937b7bf', 'd8bcf7fe-6a7a-42ce-906b-638313c435c4'),
('9322ea65-161f-4d4d-a453-19a6c8e812d6', 'BABAWE24069', 'Phuoc', 'Hoang', '2024-09-05', '1390abd5-9de9-4d4b-8b9f-374d25623391', 'd8bcf7fe-6a7a-42ce-906b-638313c435c4'),
('ef901dd6-6e52-4339-9dce-e961cdc16013', 'BTFTIU24017', 'Khoa', 'Giang', '2024-09-05', '0a8ef916-1232-4d6a-be28-ce575eeec390', 'd8bcf7fe-6a7a-42ce-906b-638313c435c4'),
('14627796-eb7b-46a6-9de2-fad21ece4e79', 'ITITWE24008', 'Han', 'Huynh', '2024-09-05', '089d32bf-294e-40c2-9ca4-61210b485245', 'd8bcf7fe-6a7a-42ce-906b-638313c435c4'),
('613bbb4d-f559-4af4-8289-45a8cbc98250', 'ITITWE24069', 'Thanh', 'Nguyen', '2024-09-05', '03a23608-77e1-4672-be97-786820d63409', 'd8bcf7fe-6a7a-42ce-906b-638313c435c4'),
('cd719d9f-30e8-46d9-8a09-7b8b151d59d3', 'ITITWE24075', 'Vy', 'Nguyen', '2024-09-05', '83430794-0998-41b6-b470-5bc12403a7c9', 'd8bcf7fe-6a7a-42ce-906b-638313c435c4'),
('a24772ed-7c57-492d-b7d0-2478e29aefe6', 'IELSIU24158', 'Thao', 'Nguyen', '2024-09-05', '4d451dba-6941-4b7e-9083-75fed6a7a53e', 'd8bcf7fe-6a7a-42ce-906b-638313c435c4'),
('993eec0e-6626-498d-aa25-6fe88d787705', 'IELSIU24200', 'Yen', 'Lai', '2024-09-05', '23fb2fde-1926-42ee-838c-765f5794712a', 'd8bcf7fe-6a7a-42ce-906b-638313c435c4'),
('58b139d3-0468-4ab1-b9c1-016918da5ca2', 'IELSIU24111', 'Nguyen', 'Hoang', '2024-09-05', '1650dc8d-bb43-4cf5-92cf-ce7e047e85ee', 'd8bcf7fe-6a7a-42ce-906b-638313c435c4'),
('10a8f96c-fdb5-4818-be8f-0ebe7522f49f', 'IELSIU24102', 'Ngan', 'Nguyen', '2024-09-05', '604d580b-e5cf-4f2d-8394-57a3fcb641af', 'd8bcf7fe-6a7a-42ce-906b-638313c435c4'),
('b464c96f-848b-44cb-9081-a43b9aafa992', 'IELSIU24109', 'Ngoc', 'Tran', '2024-09-05', '07e83040-59c9-4c73-9ac1-64c5b57569e2', 'd8bcf7fe-6a7a-42ce-906b-638313c435c4'),
('b5461ea3-ef47-4e6f-895f-ea58db344233', 'IELSIU24063', 'Ha', 'Nguyen', '2024-09-05', 'c88eb0c0-d0cf-41d3-bc6f-159c76ef9ac4', 'd8bcf7fe-6a7a-42ce-906b-638313c435c4'),
('0bbe1161-0d0c-46f0-9409-1d4267547a1f', 'IELSIU24095', 'Vy', 'Le', '2024-09-05', '287f81b0-f0c4-4dd8-bd13-e190c023a75b', 'd8bcf7fe-6a7a-42ce-906b-638313c435c4'),
('531a3bd1-8b00-458f-8b8f-57ef32298e08', 'IELSIU24124', 'Nhu', 'Ly', '2024-09-05', '110b4b24-85b3-4e2a-9b52-1071e0035b7f', 'd8bcf7fe-6a7a-42ce-906b-638313c435c4'),
('f85c98a3-df56-4994-98bf-f30f7572a9b0', 'IELSIU24099', 'Nam', 'Dang', '2024-09-05', '9374e34f-1cbd-4985-922e-9aa5a20faade', 'd8bcf7fe-6a7a-42ce-906b-638313c435c4'),
('d5936227-c307-4765-824d-c0df81713c6f', 'IELSIU24005', 'Anh', 'Nguyen', '2024-09-05', '8518ac35-5f4d-48f2-89dc-b8c28e4cfff1', 'd8bcf7fe-6a7a-42ce-906b-638313c435c4'),
('b61874cd-3cef-4716-a761-9b921b56051c', 'IELSIU24185', 'Tu', 'Nguyen', '2024-09-05', '9594e205-1b32-4917-ad16-2aa77aafb462', 'd8bcf7fe-6a7a-42ce-906b-638313c435c4'),
('cccf8349-e327-4e04-a9e2-950369496e6c', 'IELSIU24114', 'Nguyen', 'Nguyen', '2024-09-05', 'bc76766e-76df-4601-801c-246f91a961ff', 'd8bcf7fe-6a7a-42ce-906b-638313c435c4'),
('412ab515-b982-45a5-8b6a-2d07f365dea9', 'IELSIU24006', 'Anh', 'Huynh', '2024-09-05', 'd38b745b-bbae-4182-867f-d6c25e8ae866', 'd8bcf7fe-6a7a-42ce-906b-638313c435c4'),
('8eded035-daf0-421b-a22d-1145d2a46aca', 'IELSIU24133', 'Phuc', 'Nguyen', '2024-09-05', 'be304439-c6a5-46c9-aeeb-d05329442c20', 'd8bcf7fe-6a7a-42ce-906b-638313c435c4'),
('827fe6b7-e9f1-4fd4-81f2-b61436ef496a', 'IELSIU24069', 'Khanh', 'Nguyen', '2024-09-05', 'c5138421-da0a-42d1-bc4f-097e0e5ef93d', 'd8bcf7fe-6a7a-42ce-906b-638313c435c4'),
('de0c824e-8ac9-4edf-af5f-29c8e7f2d2fb', 'IELSIU24023', 'Dung', 'Le', '2024-09-05', '4e1dcd1f-66a5-4509-b81e-093185f96101', 'd8bcf7fe-6a7a-42ce-906b-638313c435c4'),
('78a173a4-e3b6-4acd-8857-bbf5e6435aea', 'IELSIU24079', 'Linh', 'Nguyen', '2024-09-05', '78002a3a-bf5b-45d8-88be-5bf5bec06562', 'd8bcf7fe-6a7a-42ce-906b-638313c435c4'),
('4eaf38c2-89fe-4f98-af9a-af5744e4abbb', 'IELSIU24071', 'Khanh', 'Nguyen', '2024-09-05', 'a4877979-4933-436a-b621-940e6bbc8358', 'd8bcf7fe-6a7a-42ce-906b-638313c435c4'),
('f0c82ff3-cdcb-48cc-89cc-8d4d18660afc', 'IELSIU24077', 'Long', 'Nguyen', '2024-09-05', '4b328676-2429-4b6d-8170-dfdbd5b6ce3d', 'd8bcf7fe-6a7a-42ce-906b-638313c435c4'),
('966369b2-08f9-49af-b31b-d310fffe2b36', 'IELSIU24093', 'Minh', 'Hoang', '2024-09-05', 'd1011167-65bf-406f-b4c7-dbe53dbb6f6a', 'd8bcf7fe-6a7a-42ce-906b-638313c435c4'),
('3d7d2516-7429-4f69-aef4-306423f5dc5b', 'IELSIU24123', 'Nhu', 'Vu', '2024-09-05', '6cc35733-a55d-49a4-a8f7-38522be63d66', 'd8bcf7fe-6a7a-42ce-906b-638313c435c4'),
('bfe21411-94eb-4f86-8fff-690c4ad19fe3', 'IELSIU24116', 'Nha', 'Huynh', '2024-09-05', 'a36f7155-f542-4642-b1d8-de31a77c26a9', 'd8bcf7fe-6a7a-42ce-906b-638313c435c4'),
('f8affa4a-8fb3-48e8-b6e8-d61202bc2518', 'IELSIU24047', 'Khoa', 'Nguyen', '2024-09-05', '5715100a-632f-47a5-9899-e02c77230b3a', 'd8bcf7fe-6a7a-42ce-906b-638313c435c4'),
('1ba3cba7-4e0d-411f-9dc4-715675f5045b', 'IELSIU24046', 'Khoa', 'Tran', '2024-09-05', 'e44bd099-6286-40fd-9092-4bc84be34499', 'd8bcf7fe-6a7a-42ce-906b-638313c435c4'),
('829fb7c2-c842-4bee-985d-c5f15b3b5331', 'IELSIU24017', 'Chau', 'Ha', '2024-09-05', '059784a7-688c-4efb-9fe0-42ff515c03a3', 'd8bcf7fe-6a7a-42ce-906b-638313c435c4'),
('c09b38df-7cb8-4357-95d1-ee255cd58f0f', 'IELSIU24080', 'Linh', 'Diep', '2024-09-05', '2cf715a3-5a8c-4c9c-9ba8-907c49c9bd16', 'd8bcf7fe-6a7a-42ce-906b-638313c435c4'),
('9b4f965d-3840-4717-81ff-2349cd40f2ba', 'IELSIU24174', 'Tin', 'Huynh', '2024-09-05', 'e7585302-4a51-41ed-9a84-2121d5fe3f69', 'd8bcf7fe-6a7a-42ce-906b-638313c435c4'),
('7c030199-b34f-43e6-8009-e38229d897f9', 'IELSIU24127', 'Phong', 'Ngo', '2024-09-05', 'd445ab27-0d94-46bd-b06c-e21c028fa604', 'd8bcf7fe-6a7a-42ce-906b-638313c435c4'),
('170bb7a9-f1de-4387-9dec-1dfda1ddf4bf', 'IEIEIU24057', 'Thuy', 'Quach', '2024-09-05', '620ee129-f26d-4af9-95e4-713b630a70fe', 'd8bcf7fe-6a7a-42ce-906b-638313c435c4'),
('83720d04-debb-43c7-b0e0-75f11e9c00bf', 'IELSIU24086', 'Linh', 'Nguyen', '2024-09-05', '543a58d3-ca77-42f8-b6b8-12f60d1610be', 'd8bcf7fe-6a7a-42ce-906b-638313c435c4'),
('97089b64-b562-4259-a48b-ea5178cc787e', 'IELSIU24130', 'Phu', 'Le', '2024-09-05', '7f01f874-ae38-4263-a826-908eb1a46c7a', 'd8bcf7fe-6a7a-42ce-906b-638313c435c4'),
('c31e7f9d-9f13-4a1a-a7df-65932df6f4e3', 'IELSIU24003', 'Anh', 'Ly', '2024-09-05', 'b5f16e25-434c-451f-b307-a92043798af0', 'd8bcf7fe-6a7a-42ce-906b-638313c435c4'),
('e30e0641-2248-4b52-8715-23d016e9e400', 'IELSIU24057', 'Huong', 'Tran', '2024-09-05', '5f2382dc-8627-46e6-8e28-227c4dfbb9c2', 'd8bcf7fe-6a7a-42ce-906b-638313c435c4'),
('391502e8-1812-40ba-ab83-68b5adf26d88', 'IEIEIU24059', 'Trang', 'Nguyen', '2024-09-05', 'c9fa34d0-30e2-43bf-bacf-48170d693cca', 'd8bcf7fe-6a7a-42ce-906b-638313c435c4'),
('7d714a11-6711-4492-9965-7b3e9edf2fe8', 'IELSIU24144', 'Quoc', 'Vi', '2024-09-05', 'fb957029-5262-4002-8b98-07ea14dcd18c', 'd8bcf7fe-6a7a-42ce-906b-638313c435c4'),
('8247a048-413e-4152-8f93-eb6108d91388', 'IELSIU24027', 'Uyen', 'Le', '2024-09-05', '31036819-1ef7-448a-99ca-c6b39ab83ae2', 'd8bcf7fe-6a7a-42ce-906b-638313c435c4'),
('c9827eb8-8aae-44a9-86da-f113ddcb219b', 'IELSIU24034', 'Ha', 'Tran', '2024-09-05', 'bdb733f4-b1b2-4409-a7bc-e980d8153220', 'd8bcf7fe-6a7a-42ce-906b-638313c435c4'),
('18f44947-4db0-42fe-9969-d5ac5adf0828', 'IELSIU24035', 'Ha', 'Vo', '2024-09-05', 'be85767b-1ed8-4fe4-80ce-e89c171e6e2d', 'd8bcf7fe-6a7a-42ce-906b-638313c435c4'),
('4518c278-0e8c-41fe-a746-288d56915121', 'IELSIU24191', 'Van', 'Le', '2024-09-05', '21f88c90-5949-46df-b265-972407d30ced', 'd8bcf7fe-6a7a-42ce-906b-638313c435c4'),
('1ec6f77f-d4c9-4ea1-a3e0-a24dc56d03e4', 'IELSIU24083', 'Linh', 'Tran', '2024-09-05', '9ea242db-ebec-4680-afb4-f14ca413cb08', 'd8bcf7fe-6a7a-42ce-906b-638313c435c4'),
('05796a45-d82c-47c4-ac66-f98559e649c5', 'IELSIU24021', 'Duc', 'Nguyen', '2024-09-05', 'a8cfa5fd-b865-4bad-ac25-0c387d7d4f12', 'd8bcf7fe-6a7a-42ce-906b-638313c435c4'),
('352f91b6-16df-4a12-bb4b-b2a7e61a28e4', 'IELSIU24032', 'Giang', 'Cao', '2024-09-05', '5fd657b6-7e5f-47f1-85d5-74062dd9b1b6', 'd8bcf7fe-6a7a-42ce-906b-638313c435c4'),
('11d247d0-5ee7-4703-b4ed-a19ec689825b', 'IELSIU24041', 'Hang', 'Le', '2024-09-05', 'a5261241-442c-4d28-838a-6787e4956950', 'd8bcf7fe-6a7a-42ce-906b-638313c435c4'),
('29cae31b-1e3a-47fa-b657-47cae10848ec', 'IELSIU24073', 'Khanh', 'Trinh', '2024-09-05', 'e533b7ba-c85b-4a7d-aebe-c25a1e6f39ee', 'd8bcf7fe-6a7a-42ce-906b-638313c435c4'),
('0013a35c-cdc8-4a00-81b7-57133ffb3f15', 'IELSIU24084', 'Linh', 'Mai', '2024-09-05', 'db4c6cbd-83c9-4763-9d2a-135d1b3a5fcd', 'd8bcf7fe-6a7a-42ce-906b-638313c435c4'),
('44d63b84-baa3-44a7-9574-6cf1dd7352ac', 'IELSIU24108', 'Ngoc', 'Pham', '2024-09-05', 'e349d3c7-fa55-4b73-82b6-6bbcf645af23', 'd8bcf7fe-6a7a-42ce-906b-638313c435c4'),
('981db678-7de6-4d65-822f-4d73312545d3', 'IELSIU24061', 'Tu', 'Pham', '2024-09-05', 'c53f3cc2-93b9-428a-81a5-1829fdfd70d8', 'd8bcf7fe-6a7a-42ce-906b-638313c435c4'),
('8ce81d22-231d-42b1-83d8-95770a66981f', 'IELSIU24060', 'Tu', 'Ta', '2024-09-05', 'ca71e2ba-3a75-4bb1-b376-8e9b4a76ae3d', 'd8bcf7fe-6a7a-42ce-906b-638313c435c4'),
('7a79f808-7444-4214-895c-14dc62ca317c', 'IELSIU24197', 'Vy', 'Truong', '2024-09-05', '0a73ebc9-31fa-479d-a13b-5135b61906b3', 'd8bcf7fe-6a7a-42ce-906b-638313c435c4'),
('801f58e4-89c6-47b1-bd4f-a613a20a93a4', 'IELSIU24019', 'Dang', 'Le', '2024-09-05', 'b132c982-4b69-43c1-a03a-fa18dbf30a91', 'd8bcf7fe-6a7a-42ce-906b-638313c435c4');

INSERT INTO Subject (id, subject_code, subject_name, credits) VALUES
('5ed58f14-7775-42a1-b66b-0c288bccc28b', 'EN007IU', 'Writing AE1', 2),
('33da09fb-8e4b-4db4-b48b-eacd688a37d1', 'PE015IU', 'Philosophy of Marxism and Leninism', 3),
('f49f1de8-6123-4476-88de-5fed25dd9244', 'EN008IU', 'Listening AE1', 2),
('aab0171f-a196-4d47-b394-90e326b88d39', 'MA001IU', 'Calculus 1', 4),
('f4658047-e228-4c61-a356-a74c3e3a096b', 'PT001IU', 'Physical Training 1', 3),
('d521fd1b-1214-450b-9310-3a76671e221b', 'IT064IU', 'Introduction to Computing', 3),
('1b840495-b6af-41e3-b791-65b70ff23efe', 'PH014IU', 'Physics 2', 2),
('2aabe8b7-d5c0-4287-b9bb-b26a6e5b3c67', 'PH013IU', 'Physics 1', 2),
('f90e5a07-9f42-4e28-b10f-f3913b84b924', 'CH011IU', 'Chemistry for Engineers', 3),
('4504dd4d-f17d-4398-a9d8-fb044cab7c14', 'CH012IU', 'Chemistry Laboratory', 1),
('75823da9-3f8c-4a27-99e8-3e06fd41e69e', 'PE008IU', 'Critical Thinking', 3),
('a0e8675e-edf9-4cc3-abbd-06163128f245', 'PH016IU', 'Physics 3 Laboratory', 1),
('b1a9746b-eecc-4381-a6ff-df06988305f9', 'PT002IU', 'Physical Training 2', 3),
('eca3cc2f-fae7-4579-8547-d598efa337a5', 'EN012IU', 'Speaking AE2', 2),
('588ad22b-7dfb-4bee-9250-494689cd6748', 'MA003IU', 'Calculus 2', 4),
('c4b5d1cc-fd98-4de3-bae6-029975bcb445', 'EN011IU', 'Writing AE2', 2),
('22e1e38f-f12a-4bc9-b1e8-4a36dadd8af4', 'IT116IU', 'C/C++ Programming', 4),
('30a5a71d-d676-45a9-93bf-a3c5d1163a9c', 'PH015IU', 'Physics 3', 3),
('ae3b56d4-2113-4e68-aca2-7355e37aeacf', 'IT069IU', 'Object-Oriented Programming', 4),
('3ab0c6ff-545e-448e-93ae-1a43fae0912d', 'IT099IU', 'Digital Logic Design Laboratory', 1),
('a17530d4-bb1d-485e-9537-e33a07cc711c', 'IT153IU', 'Discrete Mathematics', 3),
('6fcd5253-c49a-4afa-8f2e-57a8eb281861', 'IT067IU', 'Digital Logic Design', 3),
('968dcd47-c73b-4fa1-b548-0b34591924ce', 'PH012IU', 'Physics 4', 2),
('eed21074-d44d-4952-9ede-b7b438c0f4c3', 'IT091IU', 'Computer Networks', 4),
('f0348446-3de1-4a49-a174-67a692533260', 'MA023IU', 'Calculus 3', 4),
('bb053847-9894-429d-af91-a9643511803e', 'MA024IU', 'Differential Equations', 4),
('32f5cdf2-3414-4c43-a6ac-116f9d6ffd27', 'IT125IU', 'System & Network Administration', 4),
('6e96d67d-c52e-4c87-a6dd-fe25b27b3fc3', 'IT089IU', 'Computer Architecture', 4),
('7d08c3df-fe6c-4da8-86e1-db104fb522fd', 'IT013IU', 'Algorithms & Data Structures', 4),
('dd6ec51a-f39a-43e0-9c74-c02d94e2c45b', 'IT079IU', 'Principles of Database Management', 4),
('c63a82af-6107-4f11-a303-173515d81913', 'PE016IU', 'Political economics of Marxism and Leninism', 2),
('47ef6084-5ad2-4136-88d4-ff5a554e42e4', 'MA026IU', 'Probability, Statistic & Random Process', 3),
('d0bb859d-2076-48eb-9111-29568db22529', 'PE020IU', 'Engineering Ethics and Professional Skills', 3),
('30d7a65e-69da-4a70-8dcf-1fa0db2e85a2', 'IT139IU', 'Scalable and Distributed Computing', 4),
('75789eba-aeee-4fd2-b6d2-1dfa4a6d77af', 'PE017IU', 'Scientific socialism', 2),
('64ae75fe-181d-43d6-b601-db1f661b39ff', 'IT017IU', 'Operating Systems', 4),
('2dd54adf-fae2-48cd-84ee-709f87c05743', 'IT131IU', 'Theoretical Models in Computing', 4),
('fb0ab111-ba2a-4b87-b448-5178768bf9e0', 'PE018IU', 'History of Vietnamese Communist Party', 2),
('063f2138-f39d-417c-b495-5e99897d18ef', 'IT094IU', 'Information System Management', 4),
('390809a0-5d29-44ba-a9c8-4c5928986b85', 'IT096IU', 'Net-Centric Programming', 4),
('0c0da4cb-9a6b-405f-a5c7-4d35ab0e97e5', 'IT093IU', 'Web Application Development', 4),
('78ce4231-64a5-4627-9265-e9226c9d556c', 'IT160IU', 'Data Mining', 4),
('1cd46cd9-be31-4170-a16e-9e6f72b8e197', 'IT130IU', 'Digital Image Processing', 4),
('58ef4fcd-c52e-480d-b8d1-150d8915a4c0', 'IT134IU', 'Internet of Things', 4),
('8bf6db71-a5fa-4b6e-a33d-7b1a2b034f0d', 'IT156IU', 'Development and Operations', 4),
('b7d42f26-80c2-47dc-951f-d9b136412442', 'IT133IU', 'Mobile Application Development', 4),
('bc2c4781-345e-469b-9891-b31ddd9cd182', 'IT076IU', 'Software Engineering', 4),
('7c50b07f-1d36-45b4-8fb2-298b5036a7f5', 'IT056IU', 'IT Project Management', 4),
('512c6803-2491-488b-8b71-af667ad6c33b', 'IT140IU', 'Fundamental Concepts of Data Security', 4),
('7ba3f9fa-2f8c-41c7-92a2-adc921117aef', 'IT082IU', 'Internship', 3),
('62b28bb7-7319-4328-8ead-4f76d37615c9', 'IT117IU', 'System and Network Security', 4),
('ac152056-049e-4541-9845-379a5714a2ed', 'IT083IU', 'Special Study of the Field', 3),
('e7359855-0044-40f0-ad4a-12fb998f255f', 'IT120IU', 'Entrepreneurship', 3),
('4f62d894-f9ad-4474-a6d1-a466dd0000d5', 'PE019IU', 'Ho Chi Minh''s Thoughts', 2),
('497630ac-563f-4d42-a4fe-3d745bf685f8', 'IT058IU', 'Thesis', 10);

INSERT INTO Salary (id, base_salary, allowances, deductions, net_salary, payment_month, payment_year, staff_id, status) VALUES
('2229cc9a-6352-44ea-9526-556bc3047c65', 16000, 2500, 400, 18100, 1, 2026, 'bcd08c66-c834-439e-8b82-42ffc34accc2', 'disbursed'),
('11fbe716-decc-4f0e-a3fc-31166a381351', 18000, 3000, 600, 20400, 1, 2026, '41b9eba8-7caf-4b6e-879a-eca429e497ce', 'disbursed'),
('1ea2bb2f-7af2-4107-a5e2-029a1641fab3', 15000, 2000, 300, 16700, 1, 2026, '15311042-7932-436f-8de1-da56e351bc97', 'disbursed'),
('5a982a31-160b-4c08-b975-8d0813a008c9', 20000, 3500, 700, 22800, 1, 2026, '64feb514-88b5-472c-8521-a449a564fba4', 'disbursed'),
('988cafa2-0eb0-4d11-afa4-52da365cac44', 17000, 2800, 500, 19300, 1, 2026, '700252f8-5de9-4bad-8273-9140dbe18be4', 'disbursed'),
('520b2de9-613b-4aeb-a2fc-dbc6c38d45dd', 16500, 2600, 450, 18650, 1, 2026, '0d808f27-52a0-48f5-9d82-f6bbfb9ae989', 'disbursed'),
('cda9a7c9-d6f5-4f93-815a-caf39f4638a6', 19000, 3200, 800, 21400, 1, 2026, '29f48681-ad14-4244-b22f-bf51a47c0a37', 'disbursed'),
('0c792947-d94e-4a37-b32a-0a1c14c3a76c', 17500, 2900, 550, 19850, 1, 2026, 'c0b641b5-fbe2-4e3d-b784-b559aa75fcd6', 'disbursed'),
('84b2304d-212e-47e0-8722-cd57c51e075f', 15500, 2400, 350, 17550, 1, 2026, '80466de5-0b3c-435e-9f6a-2da45b2443b1', 'disbursed'),
('aa1a5194-24bd-4af9-9d58-afa31dc8b2c2', 21000, 4000, 900, 24100, 1, 2026, 'aa675330-023a-4844-8954-76484ae6aabd', 'disbursed'),
('faed6eed-a8a8-413b-b0b5-4d4929121394', 16000, 2500, 400, 18100, 2, 2026, 'be9a38a9-e521-48ca-8966-58854106cd70', 'disbursed'),
('a831630d-bd2d-4bd6-9e7c-06a19b505058', 18000, 3000, 600, 20400, 2, 2026, 'c0bed6fa-c40d-4a52-b19b-bc89243d70f4', 'disbursed'),
('8fd2f992-29bd-4695-b70e-f7d96881282f', 15000, 2000, 300, 16700, 2, 2026, '7eb1cdd8-d7de-4b13-be74-2fe53253e8b2', 'disbursed'),
('b71c8164-9a90-47e6-9acb-329196125bee', 20000, 3500, 700, 22800, 2, 2026, '76a580c9-8e26-4e20-9ff7-bcce5cbef97a', 'disbursed'),
('a4d22455-23ff-4f1e-8316-5317542e2c61', 17000, 2800, 500, 19300, 2, 2026, 'f76afb69-78f5-4f54-bf03-44f2b61b7cc5', 'disbursed'),
('8bb8eb57-2d6d-4374-aeb3-430dfe521920', 16500, 2600, 450, 18650, 2, 2026, 'd89e051f-914a-4048-b80e-3fbac717980a', 'disbursed'),
('e4d00206-016f-4267-bba0-806cc353c7f2', 19000, 3200, 800, 21400, 2, 2026, '0ef4ca61-973d-4f58-bf79-78821368011a', 'disbursed'),
('ae2c4a81-b44e-40c5-a079-1fcddcb9b37a', 17500, 2900, 550, 19850, 2, 2026, 'ce006067-2145-485c-8445-28abf4ab9765', 'disbursed'),
('f306e97f-f52f-4ab3-bcca-05356555196e', 15500, 2400, 350, 17550, 2, 2026, '2c97c846-a689-4933-844d-3bf3058aa4c8', 'disbursed'),
('108970ee-5129-4bdd-9783-f2575a01b4b9', 21000, 4000, 900, 24100, 2, 2026, '3562cb62-37da-44c1-9350-fbc6c51c4fc2', 'disbursed'),
('a580da17-b32e-48f8-ac90-bc0ba7accddf', 16000, 2500, 400, 18100, 3, 2026, 'ef3509a7-7916-4520-abb5-c0046a788cef', 'disbursed'),
('579d2fd8-2540-4fa5-9f49-14d7a6269648', 18000, 3000, 600, 20400, 3, 2026, 'be179f9a-33f9-43ad-9cff-37daaa46c10a', 'disbursed'),
('d22a932f-216d-409c-a342-429e9109d77d', 15000, 2000, 300, 16700, 3, 2026, '1288639a-238c-4b06-ae24-91642672c944', 'disbursed'),
('a67f8435-0a2f-4e1d-8a26-ad0521414401', 20000, 3500, 700, 22800, 3, 2026, 'a2a8f1cd-fc8d-4116-83f9-3ed040a5da2f', 'disbursed'),
('4f62e233-a2f3-4111-9634-055bfd24cfee', 17000, 2800, 500, 19300, 3, 2026, '04001cf4-0b2c-4d15-b196-6450b0a60c26', 'disbursed'),
('d3ccc675-865c-46a0-871e-87229f6c848c', 16500, 2600, 450, 18650, 3, 2026, '1590c44a-c569-4744-af4a-22b6eec8413e', 'disbursed'),
('c18acdd6-4123-4810-b3d3-f1362a03193f', 19000, 3200, 800, 21400, 3, 2026, 'f3175109-6a0d-4485-bead-50554cddd930', 'disbursed'),
('82f6be9d-f284-4136-b844-a32c71bec5e5', 17500, 2900, 550, 19850, 3, 2026, '926a6dcd-0eb8-41ba-8338-2716788e2e3d', 'disbursed'),
('67aadc18-501e-442f-9681-df60346298f9', 15500, 2400, 350, 17550, 3, 2026, '1711ca22-ae35-42ff-85c6-9d05dda28045', 'disbursed'),
('581b2657-818e-459c-862b-68ca9ad35d2c', 21000, 4000, 900, 24100, 3, 2026, 'c5e8c827-26a9-40b4-97da-76d0489b1cc7', 'disbursed'),
('bd37134a-045a-4a33-b3eb-3d7580cb870c', 16000, 2500, 400, 18100, 4, 2026, 'fef1beed-4b49-471c-b308-524e53742aa7', 'disbursed'),
('15503728-2657-47e8-83a9-85430be5beed', 18000, 3000, 600, 20400, 4, 2026, '26ba9823-cceb-45da-a7ad-beabee1badfc', 'disbursed'),
('d53cf46e-df28-48ff-baf4-7fd8b96ed20d', 15000, 2000, 300, 16700, 4, 2026, '0123f34c-153b-474a-a0e9-a1d794f5a559', 'disbursed'),
('023f8820-6b74-4f0d-a26d-1c5ff31668d1', 20000, 3500, 700, 22800, 4, 2026, 'ff50cb48-4150-4fd9-94d2-9a714d226dd7', 'disbursed'),
('3af6ddc6-fe3a-403f-b61e-4d618168117f', 17000, 2800, 500, 19300, 4, 2026, '954ed1bb-8dbb-4c84-abae-1819d0d3a998', 'disbursed'),
('8fdeed6e-d64d-45c8-980f-e0a5e2723db9', 16500, 2600, 450, 18650, 4, 2026, '2d6f63d0-2e25-46d2-ac9b-e75d2b9e2af8', 'disbursed'),
('a7378e6d-aef1-41e0-901a-a945c1a46d71', 19000, 3200, 800, 21400, 4, 2026, 'e3d1c7bf-3dcc-49eb-9d63-3a3a350dad23', 'disbursed'),
('292fffa3-4999-4ae9-9db5-67fd76eb49dd', 17500, 2900, 550, 19850, 4, 2026, '049a3bd3-d465-46e1-bc07-ab8e10f1df26', 'disbursed'),
('8de50c7b-c956-4a24-8d8b-f9b4ba5654b8', 15500, 2400, 350, 17550, 4, 2026, '9487e139-23ca-4130-adf6-21ccf5ac9ad7', 'disbursed'),
('18fd7113-bc68-453e-a37e-c31fcc2b8098', 21000, 4000, 900, 24100, 4, 2026, 'e7f0f890-bfa9-4660-90e5-6fb093413d96', 'disbursed'),
('a97d671f-1c09-4c51-a85c-7c589bcf574d', 16200, 2600, 450, 18350, 1, 2026, 'dab73951-4cfe-4ec7-adfc-814b273643b8', 'disbursed'),
('e7330122-21ce-463c-adf8-0fbaa7e83a4d', 18200, 3100, 650, 20650, 1, 2026, '0f024453-9a87-4dd4-a021-a5000cc06824', 'disbursed'),
('b933876b-19a8-4c66-abc5-59481941723b', 15200, 2100, 350, 16950, 1, 2026, 'f80275fa-bfb1-4810-9505-9ffd53ccfa86', 'disbursed'),
('dd98aa1b-d8f8-439f-a5a5-e0e74bc64468', 20200, 3600, 750, 23050, 1, 2026, '00e8e88b-d308-4e94-ad0a-92b26bf6559d', 'disbursed'),
('2382d2a4-9675-4b30-8fef-4d6e97c7ec9b', 17200, 2900, 550, 19550, 1, 2026, 'f23f3bda-f69b-43bb-bcf6-ebabd8e95c6b', 'disbursed'),
('9486778a-a0d2-488c-9c74-6a635f4030b9', 16700, 2700, 500, 18900, 1, 2026, '69de1aa9-bb04-4b94-9d8e-e6996d98a2be', 'disbursed'),
('0a4fd155-c4b3-4906-b798-102f344c78c3', 19200, 3300, 850, 21650, 1, 2026, '0cd50a3d-13c1-4daf-a58a-6f09bb56dabf', 'disbursed'),
('03951260-1f9b-46ca-a089-56589c185139', 17700, 3000, 600, 20100, 1, 2026, 'fb5dc4e8-1cbb-456e-b0d3-723feec96d1d', 'disbursed'),
('15913b3c-6c14-4f2c-affa-6b92f82207da', 15700, 2500, 400, 17800, 1, 2026, 'bcf0cde4-3eef-4920-9111-d8dd007aca7f', 'disbursed'),
('81c518e0-f740-4bcd-bcf0-5f09adefed34', 21200, 4100, 950, 24350, 1, 2026, 'fe7dc613-3769-4a21-b0c6-752e0b43128f', 'disbursed'),
('7ae68d55-c471-4cbb-9a3f-c1d33aa71001', 16200, 2600, 450, 18350, 2, 2026, '13f3a8f0-9241-4537-b1bc-84142e69a712', 'disbursed'),
('9288fd66-53d5-4ab6-9bc5-ddb4bedd33cb', 18200, 3100, 650, 20650, 2, 2026, 'b0edcfed-ba7a-4dff-a85d-7f3c9bb7501a', 'disbursed'),
('739f1d99-c9ea-444c-9978-6847cc379f67', 15200, 2100, 350, 16950, 2, 2026, '98154c71-0347-44f5-9dae-6929eb8c2716', 'disbursed'),
('26c9384c-d18f-405e-8ffc-04038b5468a0', 20200, 3600, 750, 23050, 2, 2026, 'd142e893-f889-466d-92c2-a853a26a6f41', 'disbursed'),
('4b17a455-b8b5-4ee9-8117-fb067863743f', 17200, 2900, 550, 19550, 2, 2026, '0a4f2a4c-fdf3-48e1-9134-0b5218a16323', 'disbursed'),
('2e6a2668-a4a1-4ce6-a583-2ea3495e216b', 16700, 2700, 500, 18900, 2, 2026, '987da423-662f-4d9d-9ef7-b80ae25c0673', 'disbursed'),
('ef735032-cc4b-4236-8a03-5ef2d6b1d801', 19200, 3300, 850, 21650, 2, 2026, '3e0900de-8db2-4e57-9760-85e212f6e958', 'disbursed'),
('3087c770-598c-4df5-b066-db540a80a158', 17700, 3000, 600, 20100, 2, 2026, '289b1c0d-bee5-4537-a556-32dde5c94735', 'disbursed'),
('8f3fa928-da73-4d73-96a1-5909bc5d1847', 15700, 2500, 400, 17800, 2, 2026, 'ef0c599f-5d01-4d41-93b7-d7a97dbaa62c', 'disbursed'),
('c6d0c240-61df-47a6-ad12-2ff6247103c1', 21200, 4100, 950, 24350, 2, 2026, '8a395526-f9f1-492a-b4f7-41c3d25fa20e', 'disbursed'),
('fe3e0899-784a-4ec8-811f-a3de9cc55175', 16200, 2600, 450, 18350, 3, 2026, '30e4ab28-1d3d-4c67-91bd-8b5a451d012b', 'disbursed'),
('fb2c7e14-a3e6-49e5-9204-0c08db6470ea', 18200, 3100, 650, 20650, 3, 2026, '62db1069-47db-4c24-bbba-f2ef6aa92a9f', 'disbursed'),
('7f0c1df5-f524-4a77-b7fe-5d5e728853b5', 15200, 2100, 350, 16950, 3, 2026, '7b589a2d-fcc6-4fcc-ba47-94b32c73f318', 'disbursed'),
('5bdda010-d28f-436d-a87c-79753fc4de74', 20200, 3600, 750, 23050, 3, 2026, '4facd65a-8e0f-43e5-a3d1-ef00bc1fe267', 'disbursed'),
('21068372-b962-4b75-85df-37e3d51749bb', 17200, 2900, 550, 19550, 3, 2026, 'd8bcf7fe-6a7a-42ce-906b-638313c435c4', 'disbursed'),
('86a9e1cf-62a8-4373-921d-a4a8b22a28ca', 16700, 2700, 500, 18900, 3, 2026, 'efbac479-5e85-4d0a-8ffd-aad1f38cdb63', 'disbursed'),
('2752c4eb-0a79-44a6-be12-a7f4e05ff432', 19200, 3300, 850, 21650, 3, 2026, '31c2fc00-b59a-47bc-8023-4e913357bcfd', 'disbursed'),
('45d30f14-de49-4b88-87cf-502e03c86648', 17700, 3000, 600, 20100, 3, 2026, '9bcdf8ce-a85d-4e54-ba7c-0a0a84d28314', 'disbursed'),
('7c56eed8-5cd0-4653-80bd-1563d9869915', 15700, 2500, 400, 17800, 3, 2026, '73c1b4bf-482f-4811-8498-9d39dc1db6eb', 'disbursed'),
('235b6223-8eb0-44d4-8dba-e1f113fcdd4c', 21200, 4100, 950, 24350, 3, 2026, 'fc801179-870d-48f6-b293-1d951569757f', 'disbursed'),
('1dee8789-bfd0-4176-8587-a8690565e311', 16200, 2600, 450, 18350, 4, 2026, '96f3e982-2b0a-48a5-9621-20bfb6f760e8', 'disbursed'),
('03ae8a92-7a8d-496d-9dc1-ab9136fe41f2', 18200, 3100, 650, 20650, 4, 2026, 'b28e27ca-8333-4877-b30d-e22ed2bdfe17', 'disbursed'),
('4b822fe6-4743-4a19-b688-4834ba096c7c', 15200, 2100, 350, 16950, 4, 2026, '323a01c9-9492-42f3-8241-a0610b0886a6', 'disbursed'),
('cbbe9e72-68b2-4135-8f00-4d6031a3719d', 20200, 3600, 750, 23050, 4, 2026, '67beb6ff-5918-4c58-bfe3-13c6c3da293a', 'disbursed'),
('0d4626e6-657b-40da-ab55-be7feed081d9', 17200, 2900, 550, 19550, 4, 2026, '1bf274ec-e82e-4cca-96f4-137ad8593865', 'disbursed'),
('b08159ca-65bd-4acb-a38c-2b8768495788', 16700, 2700, 500, 18900, 4, 2026, 'e85f19d8-8f70-4d08-9e73-fbe2a8ff823b', 'disbursed'),
('b78dd9bd-16ad-4b3d-9423-7c9ff375dcc9', 19200, 3300, 850, 21650, 4, 2026, 'e44d4f47-ac47-418a-a01c-6b7101d98fd8', 'disbursed'),
('1f404653-fdc6-4b32-80b8-89a628f444b8', 17700, 3000, 600, 20100, 4, 2026, '079c9a98-a49e-4ffe-b645-5521d74a6b7a', 'disbursed'),
('6124b77b-8373-4781-91d7-329d68b6e7d1', 15700, 2500, 400, 17800, 4, 2026, '3c3f0777-3472-4b01-8636-1a7d1e342ebf', 'disbursed'),
('25a761af-60b4-4555-8087-01aef9201e72', 21200, 4100, 950, 24350, 4, 2026, '82af49ee-406b-4475-9d79-cd1260e0b190', 'disbursed'),
('32f260ac-4f98-489d-bb74-fd2818942437', 16400, 2600, 400, 18600, 4, 2026, 'a6fc88d6-c04f-402b-8b35-bcd6d7fc1c3c', 'disbursed'),
('75fa5bbc-dc10-4d6b-9ad4-1eedb7330c5c', 18500, 3100, 600, 21000, 4, 2026, '8020e967-1a1b-472c-866a-f2bffb4d1d44', 'disbursed'),
('ce151452-11d2-4747-a902-a2dedf3f13a9', 15300, 2200, 350, 17150, 4, 2026, 'd4b2058d-8ab8-4a15-a7ff-4a1d459d6a4b', 'disbursed'),
('d4d2e1bc-baf3-4fe7-9b70-111d292410b5', 20500, 3700, 750, 23450, 4, 2026, '34597872-f68c-4806-8fbd-e85774c7e3af', 'disbursed'),
('546e5d70-bbd0-47f3-8c47-ded3d25c52ce', 17400, 2900, 500, 19800, 4, 2026, '8c62f150-5cb0-4bfa-b62c-271cd0924d9d', 'disbursed'),
('7b174e48-af91-4d07-b275-77ddc6bf5b95', 16800, 2700, 450, 19050, 4, 2026, 'd6b74389-6eab-4ed1-b55b-1eb3060237d7', 'disbursed'),
('e096ba8b-b759-4be6-a5dc-b663d79c503b', 19500, 3400, 800, 22100, 4, 2026, '3a7e262e-1d0c-40fd-9e70-a8c821655540', 'disbursed'),
('c1925ebc-562b-4377-87d7-407920794f58', 17900, 3000, 550, 20350, 4, 2026, 'ae1aa187-c6ec-4710-a5da-4382d23eb903', 'disbursed'),
('56fe3cd6-bd81-4d02-a5d4-0b0d24f231dd', 15800, 2500, 400, 17900, 4, 2026, '152e8081-b257-4585-bbe7-81de196a4285', 'disbursed'),
('22af2be4-f2ff-40b4-a342-60b2948a879d', 21500, 4200, 950, 24750, 4, 2026, '19a43c29-aba9-46c0-bd20-4f4be47b8777', 'disbursed'),
('9ad726df-f399-434b-aaa2-7d21902892c5', 16100, 2550, 420, 18230, 4, 2026, 'ca30db51-2356-4a6f-b0bc-2de040c3a115', 'disbursed'),
('d7430b69-b4a6-4ca0-a8d1-39b3c3bb4e2a', 18300, 3050, 620, 20730, 4, 2026, 'a3b16fc5-d3fd-40b1-8f52-d66fa0b8d130', 'disbursed'),
('4edd6003-a14c-44be-837c-31012035f5fe', 15100, 2050, 320, 16830, 4, 2026, '62f88827-e93b-44b0-b73b-31ea7f5df1b1', 'disbursed'),
('5ef395c1-e08a-49dc-ad18-50373499a327', 20100, 3550, 720, 22930, 4, 2026, '7f51c2e1-7502-4e8f-8d96-54885e98fe10', 'disbursed'),
('c288e815-8317-44b4-a19d-ec4fbea5af70', 17100, 2850, 520, 19430, 4, 2026, '09d77b45-9e4d-4776-b617-2b2f3a729636', 'disbursed'),
('a232f159-8c11-4868-8044-ff2f7d7a9e52', 16600, 2650, 470, 18780, 4, 2026, '18a5bf93-92a7-45de-b1a2-bccea0e2cefa', 'disbursed'),
('9f771076-33a1-4e37-a504-9606e4d5cea9', 19100, 3250, 820, 21530, 4, 2026, '6f4fe334-ded8-4468-bbb9-f2e6ab90a22a', 'disbursed'),
('998523ea-944a-4e8a-a4c1-93c004217512', 17600, 2950, 570, 19980, 4, 2026, 'c6fb86e7-b218-41ae-853d-ac4a57e30370', 'disbursed'),
('38758fa3-ff4e-43dd-8431-edefb8e24b3f', 15600, 2450, 370, 17680, 4, 2026, 'f9c62c8d-03c3-46ae-a192-ed37e8c56b93', 'disbursed'),
('9e81a62a-4fd9-4988-86ad-96314941b726', 21100, 4050, 920, 24230, 4, 2026, '3ef0869f-42ae-46df-b197-2807949c1ff2', 'disbursed');
 
INSERT INTO Fee (id, amount_due, amount_paid, due_date, payment_status, student_id) VALUES
('159ff9f3-d589-4120-92e9-45b3ed8afe22', 50000, 200000, '2026-05-10', 'unpaid', 'cc8d45c7-4ffd-42c1-abb7-6c87a76ab8df'),
('5995f5e4-4e99-4aec-bead-c8cfcda374ca', 12000, 25000, '2026-05-10', 'paid', '1d12e225-c62f-4f0d-ac8a-a95fa6e44922'),
('61c6f2dd-cfb8-488e-ace0-4769c60b4455', 18000, 30000, '2026-05-15', 'unpaid', '339fc550-8478-4d81-82f1-487b986b85ba'),
('eff5a837-a8ad-4005-a5f2-7f902af7fe1e', 22000, 40000, '2026-04-10', 'overdue', 'c20fd8e1-85de-4f7b-9a87-d3b6953dfcd2'),
('e1040915-2823-44f3-84b8-64917ad99555', 15000, 27000, '2026-06-01', 'paid', 'e74950de-ea53-48f1-b327-7db88b21313a'),
('3e16ca66-b870-4c74-8b9b-2419c2805564', 20000, 35000, '2026-06-10', 'unpaid', 'f0fc23aa-328a-458c-8f4e-7a36529c7463'),
('0312f813-df20-4a07-897f-b12a220f1126', 30000, 50000, '2026-03-25', 'overdue', 'd20b7503-db0f-4dee-ae5c-fbda8b052126'),
('5f4326d0-b7ca-4701-a463-7843e503a4a9', 14000, 26000, '2026-05-20', 'paid', '46025438-2ab3-440a-8a2c-97bb4f439a45'),
('0025bcdb-ce94-431b-96cb-4618421141f1', 17000, 28000, '2026-05-18', 'unpaid', '1664e914-38ed-4531-83e7-de1d1d58f447'),
('34569d0e-2528-46e6-84d4-c7dc4c4ffd0f', 25000, 45000, '2026-04-01', 'overdue', '52f8f7b4-da65-4786-9738-ff5468d568f0'),
('a96b0134-c314-43db-a3dc-1598fce20e5b', 16000, 29000, '2026-06-05', 'paid', '352f6a1a-b961-4e46-b91c-c71f9cc4cce9'),
('8270370f-510a-40b7-9bbe-6e88c1238e3e', 19000, 32000, '2026-05-12', 'unpaid', 'da38f162-7512-46f3-98f8-051ff46b24f9'),
('b7660c73-c94b-408a-a8f0-1177be70d521', 21000, 37000, '2026-02-28', 'overdue', '1459bb29-5f99-48f8-88b5-dcfb325d89eb'),
('44e3c823-3336-4eb3-83c0-4b5884808517', 13000, 24000, '2026-06-15', 'paid', 'fe13aa0d-b67a-41d5-9d69-da4f751692d1'),
('51a5f41f-daf2-4545-a5af-8a39fc82ea02', 23000, 39000, '2026-05-22', 'unpaid', 'dc6a7fcc-26da-49a4-98ce-6e834f05d816'),
('65b8c606-c01a-46f1-83b5-a4f73c14bd39', 27000, 48000, '2026-04-05', 'overdue', '24f84e90-0097-44e0-8139-0ed226c9af83'),
('d3bfe23b-5d08-4afa-a4d1-a27e89a5836d', 11000, 20000, '2026-05-30', 'paid', 'a7fff4c8-37c2-4301-95dc-eab0e5afdbb2'),
('c9c21acb-a220-41fd-8d95-a5bb335e8773', 26000, 42000, '2026-06-20', 'unpaid', 'a7cc90af-9787-4114-ab32-a5f2a31ce045'),
('c7a1a6d8-136d-4a16-b916-32d50870f6c6', 28000, 46000, '2026-03-10', 'overdue', '336ea151-2d5a-4320-a6b8-c3d873ec9581'),
('d0830a3f-9344-4b6d-afb8-d053519fc59d', 14500, 25500, '2026-05-08', 'paid', 'bdff6361-6394-4929-9902-dfdb6c38bc22'),
('955dd11a-f3b4-4717-b0d9-41c013d5d3d7', 17500, 29500, '2026-06-12', 'unpaid', 'ada5e766-a45b-4351-83b7-b4ca9b94342d'),
('61f1ec59-f53f-4e82-9219-3800ecaa567c', 31000, 52000, '2026-04-20', 'overdue', 'c801ce44-b91d-488b-aeeb-8f70c308137d'),
('506c4470-35cd-4c25-9c00-23a18bd8fdf6', 15500, 26500, '2026-05-28', 'paid', '0013fd39-b49e-4f34-8098-f67125d146d5'),
('3c56a3a5-b969-4c1f-b215-3a71ae6daab4', 18500, 30500, '2026-06-25', 'unpaid', 'c757aa20-490d-48bd-b711-bc9c2894d372'),
('d71f4b12-21a4-44b6-81df-9e16c2a70a12', 24000, 41000, '2026-02-15', 'overdue', '086a8552-e53e-4035-9304-1ca9d4b8ece5'),
('d126c21d-4872-4974-942f-7b3b80d68302', 13500, 24500, '2026-05-11', 'paid', '60e00585-f82e-4ee5-8dc7-1e6f466b33eb'),
('97585ee9-60be-4647-8a84-956dc7bfd519', 19500, 31500, '2026-06-08', 'unpaid', '780ec255-1a03-4539-aac5-e9ff0e06a324'),
('5bd78a67-4fcf-47e9-b52f-d6af66891315', 26500, 43000, '2026-03-05', 'overdue', '22b13bc3-dd2d-4750-9c2c-5f1803d9f248'),
('7e97db8c-c9c8-4aa9-8674-83480edd67bf', 15000, 26000, '2026-05-19', 'paid', 'c9966227-82f0-4b5c-940c-b874a0d8bb26'),
('a9abfb62-621c-465b-8e85-24fed6394db8', 20500, 33500, '2026-06-18', 'unpaid', '99ea449a-9343-44f6-b6c9-29c212c9c507'),
('5163d95b-4ee2-490c-a247-5c2e00ada8dd', 29000, 47000, '2026-01-30', 'overdue', 'bb1e7a7b-7eb3-42cc-9852-c3e6110245ae'),
('1812adc1-e3e0-4a4a-9019-f318bdeb0737', 12500, 23000, '2026-05-06', 'paid', 'b2f0d42f-e1e5-4e48-950c-b29ae7a034c1'),
('9142667c-c175-4e74-a8c3-e23aee6c994e', 21500, 36000, '2026-06-22', 'unpaid', '546ad211-4e02-4c9e-96ea-bcaabf893e28'),
('d4eaad9d-0805-44e9-9dce-1249c945590c', 30500, 51000, '2026-03-15', 'overdue', '22a2abbf-cc6e-4e52-88b4-1d9873847e6a'),
('c7bb142f-01a4-42eb-bca3-308aa5ff2040', 16500, 27500, '2026-05-14', 'paid', 'f1cb346a-a0f6-4489-ae8c-7d8435fd567f'),
('999cce54-1ce7-4712-93b6-5e7468a2f881', 22500, 38500, '2026-06-30', 'unpaid', 'fa6ba968-eca6-411d-af07-814cc70b6ad8'),
('cc155309-294e-465a-b4b8-783c9628c6b8', 27500, 45500, '2026-02-05', 'overdue', 'f4af8e1e-484a-484f-9d5b-1247245f10e1'),
('066d8c78-f10e-42f2-bf7f-4938f0ebfc00', 13500, 25000, '2026-05-17', 'paid', '4687d2d8-83e7-4f11-b013-d72ebf719ee2'),
('8befbb6f-0583-469a-ac86-06f19913f3aa', 18500, 30000, '2026-06-03', 'unpaid', '1655e6b5-05f7-4fcb-a61b-2e66fa44b3de'),
('42008c0a-e178-4bdb-8c42-1af5410acfc2', 25500, 44000, '2026-04-15', 'overdue', 'ef71e3e7-0f3b-44a6-8633-3d880f14c73b'),
('f48a1d8d-300c-4802-b50d-96658b7b9431', 14500, 25500, '2026-05-25', 'paid', '9abb698c-30ae-46f7-b16c-3157986aced1'),
('c0e19cc3-1e2e-4681-9dc7-cb3f2c59545e', 19500, 32500, '2026-06-11', 'unpaid', '01a1dbe3-5330-46f9-85fe-d8a378bbaf16'),
('2976ab62-d663-4a9b-b361-d57938ba2906', 28500, 46500, '2026-02-20', 'overdue', 'ca6abeaa-2063-4844-af75-b829308548c6'),
('d2af39a6-6c47-4be2-9c0a-a35f75230f76', 15500, 26500, '2026-05-27', 'paid', '2bf07806-6f5a-439b-9fa6-aa6da166088e'),
('2dc95ecb-676b-4f38-908a-0b5397dc2c31', 20500, 34500, '2026-06-14', 'unpaid', 'b623e291-0dbb-4551-a55d-27711cb95a9a'),
('805c4d42-c3a4-49aa-9208-bc264d28faa7', 29500, 49000, '2026-01-15', 'overdue', '9322ea65-161f-4d4d-a453-19a6c8e812d6'),
('757793db-b07b-4a79-9c74-016a8fc28479', 16500, 27500, '2026-05-09', 'paid', 'ef901dd6-6e52-4339-9dce-e961cdc16013'),
('4229d01d-0c99-47d7-b2c8-5f0acd19fa2e', 21500, 35500, '2026-06-17', 'unpaid', '14627796-eb7b-46a6-9de2-fad21ece4e79'),
('26b2c208-0602-4208-89bf-5b6558217d8e', 30500, 52000, '2026-03-01', 'overdue', '613bbb4d-f559-4af4-8289-45a8cbc98250'),
('d30ecc49-805a-4f08-8750-63993fa9826a', 17500, 28500, '2026-05-21', 'paid', 'cd719d9f-30e8-46d9-8a09-7b8b151d59d3'),
('feb49154-6058-4285-9ef3-4da959769f6a', 22500, 36500, '2026-06-28', 'unpaid', 'a24772ed-7c57-492d-b7d0-2478e29aefe6'),
('fbc56a4f-f685-43d0-8263-73e26efe5fc3', 27000, 45000, '2026-02-10', 'overdue', '993eec0e-6626-498d-aa25-6fe88d787705'),
('8f7a6116-53f4-4ab5-aff1-b4fb33609482', 13500, 24000, '2026-05-07', 'paid', '58b139d3-0468-4ab1-b9c1-016918da5ca2'),
('30e1e292-938e-4726-a18e-1e175077e8ac', 18500, 30500, '2026-06-06', 'unpaid', '10a8f96c-fdb5-4818-be8f-0ebe7522f49f'),
('0bf99940-e86c-40d2-b994-fb9f1bfe8c1d', 24500, 42000, '2026-04-12', 'overdue', 'b464c96f-848b-44cb-9081-a43b9aafa992'),
('6b4e44dd-656a-4e82-8dc1-50d6ed904c5d', 15500, 26500, '2026-05-29', 'paid', 'b5461ea3-ef47-4e6f-895f-ea58db344233'),
('62a7becd-938d-406b-9026-f0528a0ec05f', 20500, 34000, '2026-06-09', 'unpaid', '0bbe1161-0d0c-46f0-9409-1d4267547a1f'),
('e180ec19-ec05-4a62-9dd5-c054938f34c5', 29500, 48000, '2026-03-18', 'overdue', '531a3bd1-8b00-458f-8b8f-57ef32298e08'),
('6acdfa32-e160-4625-b9b3-6d5f00a7172b', 16500, 27500, '2026-05-16', 'paid', 'f85c98a3-df56-4994-98bf-f30f7572a9b0'),
('907065b9-5575-4914-97f8-d1e36bf246d3', 21500, 35000, '2026-06-13', 'unpaid', 'd5936227-c307-4765-824d-c0df81713c6f'),
('0cb90237-3fb5-4faa-aca5-82c837a77a27', 30500, 53000, '2026-01-25', 'overdue', 'b61874cd-3cef-4716-a761-9b921b56051c'),
('40fe0229-afa5-409e-90fe-47cb3a6da83a', 17500, 28500, '2026-05-24', 'paid', 'cccf8349-e327-4e04-a9e2-950369496e6c'),
('a315f1b8-39b1-4742-b7ee-23afc8e6d7b8', 22500, 37000, '2026-06-21', 'unpaid', '412ab515-b982-45a5-8b6a-2d07f365dea9'),
('32a56508-dcfb-4a13-9390-ae81c4288b16', 28500, 46000, '2026-02-25', 'overdue', '8eded035-daf0-421b-a22d-1145d2a46aca'),
('9a892015-9c68-4625-851c-b0be1811b1c6', 14500, 25500, '2026-05-13', 'paid', '827fe6b7-e9f1-4fd4-81f2-b61436ef496a'),
('deb2399d-deaf-4893-90a3-f0a6165c4a7a', 19500, 33000, '2026-06-26', 'unpaid', 'de0c824e-8ac9-4edf-af5f-29c8e7f2d2fb'),
('0aeb047f-ae27-47f2-9547-a0be7897a739', 25500, 44000, '2026-03-22', 'overdue', '78a173a4-e3b6-4acd-8857-bbf5e6435aea'),
('961d1c65-bdbf-42a2-832e-b3e76770bb0a', 16500, 27500, '2026-05-31', 'paid', '4eaf38c2-89fe-4f98-af9a-af5744e4abbb'),
('325242dd-7576-40ba-aa9f-4857be9e41f8', 21500, 36000, '2026-06-04', 'unpaid', 'f0c82ff3-cdcb-48cc-89cc-8d4d18660afc'),
('4435f140-48ef-4481-a31c-8265e783e075', 29500, 50000, '2026-04-08', 'overdue', '966369b2-08f9-49af-b31b-d310fffe2b36'),
('b777658b-a834-4a36-b44b-2af1bb743436', 15500, 26500, '2026-05-26', 'paid', '3d7d2516-7429-4f69-aef4-306423f5dc5b'),
('9e5405cb-e18a-492e-91ad-cc09552ff645', 18500, 31000, '2026-06-19', 'unpaid', 'bfe21411-94eb-4f86-8fff-690c4ad19fe3'),
('d3055979-1495-4216-9c6c-e7e26096c8ff', 26000, 43000, '2026-03-12', 'overdue', 'f8affa4a-8fb3-48e8-b6e8-d61202bc2518'),
('b5ca8b0f-a1d8-4f64-8a1e-b8851c79cbb6', 14000, 25000, '2026-05-02', 'paid', '1ba3cba7-4e0d-411f-9dc4-715675f5045b'),
('9326a7a3-bdab-4963-b6e9-97bdccb892d1', 19000, 32000, '2026-06-07', 'unpaid', '829fb7c2-c842-4bee-985d-c5f15b3b5331'),
('4e05914f-b1f4-45a3-9662-127054e181e4', 27000, 45000, '2026-02-18', 'overdue', 'c09b38df-7cb8-4357-95d1-ee255cd58f0f'),
('98b1ad66-5f51-4805-a87a-0998dbf739c2', 16000, 28000, '2026-05-23', 'paid', '9b4f965d-3840-4717-81ff-2349cd40f2ba'),
('8e99d8a4-e758-4e3c-b57d-ef262b12c576', 21000, 34000, '2026-06-16', 'unpaid', '7c030199-b34f-43e6-8009-e38229d897f9'),
('594975de-9a6c-4dad-8bff-e2f212cb4794', 30000, 51000, '2026-01-28', 'overdue', '170bb7a9-f1de-4387-9dec-1dfda1ddf4bf'),
('6d427d99-de1a-4330-aac5-d49def45f1d6', 13000, 23000, '2026-05-04', 'paid', '83720d04-debb-43c7-b0e0-75f11e9c00bf'),
('04e44224-28a9-4fcc-848d-8340c09af0c9', 18000, 30000, '2026-06-02', 'unpaid', '97089b64-b562-4259-a48b-ea5178cc787e'),
('2a0eb86f-f2b6-4447-a463-f398517ee063', 24000, 40000, '2026-04-14', 'overdue', 'c31e7f9d-9f13-4a1a-a7df-65932df6f4e3'),
('ccd97f73-3272-4a3b-b546-e50dc551b630', 15000, 26000, '2026-05-15', 'paid', 'e30e0641-2248-4b52-8715-23d016e9e400'),
('200f68c5-a31f-4039-8581-7eaa55faed07', 20000, 35000, '2026-06-11', 'unpaid', '391502e8-1812-40ba-ab83-68b5adf26d88'),
('5c562702-2ee8-4b4b-952f-9695a7784f2d', 28000, 47000, '2026-03-20', 'overdue', '7d714a11-6711-4492-9965-7b3e9edf2fe8'),
('a3b6267d-f335-4f9f-849c-5de139aee97f', 17000, 29000, '2026-05-08', 'paid', '8247a048-413e-4152-8f93-eb6108d91388'),
('e286f617-d84d-4daa-8187-73cbf9503a15', 22000, 38000, '2026-06-25', 'unpaid', 'c9827eb8-8aae-44a9-86da-f113ddcb219b'),
('87d265ac-126d-4190-aaaa-e6563b9d6680', 29000, 49000, '2026-02-08', 'overdue', '18f44947-4db0-42fe-9969-d5ac5adf0828'),
('db8d5c3b-2d87-428e-88a4-fa2df4e61f38', 14500, 25500, '2026-05-10', 'paid', '4518c278-0e8c-41fe-a746-288d56915121'),
('1ae393f0-e1dc-404d-8957-8a7aaa98fed6', 19500, 33500, '2026-06-22', 'unpaid', '1ec6f77f-d4c9-4ea1-a3e0-a24dc56d03e4'),
('d6b83753-5f23-4b7a-ad61-ef58401d14d3', 25500, 42500, '2026-04-03', 'overdue', '05796a45-d82c-47c4-ac66-f98559e649c5'),
('e517979e-1403-42e0-b13a-ca9ba918cd5e', 16500, 27500, '2026-05-18', 'paid', '352f91b6-16df-4a12-bb4b-b2a7e61a28e4'),
('5059c86a-debd-4a92-a15d-0ccc882e4166', 21500, 36500, '2026-06-29', 'unpaid', '11d247d0-5ee7-4703-b4ed-a19ec689825b'),
('0a8e7002-691e-4c43-9579-4e3c40a15e5a', 31500, 53500, '2026-01-10', 'overdue', '29cae31b-1e3a-47fa-b657-47cae10848ec'),
('d56aa0e0-322e-4c48-929b-c1c8163d6089', 15500, 26500, '2026-05-22', 'paid', '0013a35c-cdc8-4a00-81b7-57133ffb3f15'),
('6484e683-1ae6-4f64-a079-965604e556ee', 20500, 34500, '2026-06-19', 'unpaid', '44d63b84-baa3-44a7-9574-6cf1dd7352ac'),
('073008ce-ab18-4423-b663-b2e591cb9445', 26500, 44500, '2026-03-28', 'overdue', '981db678-7de6-4d65-822f-4d73312545d3'),
('378d7ca8-9605-4146-b529-c730c8f83338', 17500, 28500, '2026-05-05', 'paid', '8ce81d22-231d-42b1-83d8-95770a66981f'),
('13725b84-f562-4310-bc76-39dae92d7dc9', 23500, 39500, '2026-06-15', 'unpaid', '7a79f808-7444-4214-895c-14dc62ca317c'),
('b3a45f4d-3ecf-466e-9045-929cd6f0d8c6', 28500, 48500, '2026-02-22', 'overdue', '801f58e4-89c6-47b1-bd4f-a613a20a93a4');

INSERT INTO Course_Section (id, semester, academic_year, section_number, max_capacity, subject_id, staff_id) VALUES
('e0256685-51f9-4db3-b0ed-8b8e566e0151', '1', 2026, 'CS001', 80, 'd521fd1b-1214-450b-9310-3a76671e221b', 'aa675330-023a-4844-8954-76484ae6aabd'),
('95150a63-9e60-43d8-a97e-8175c8f9b183', '1', 2026, 'CS002', 60, 'dd6ec51a-f39a-43e0-9c74-c02d94e2c45b', 'be9a38a9-e521-48ca-8966-58854106cd70'),
('8365ac9a-422d-41ff-9d36-fc6fab4b2a53', '1', 2026, 'CS003', 45, 'aab0171f-a196-4d47-b394-90e326b88d39', 'bcd08c66-c834-439e-8b82-42ffc34accc2'),
('0d8e2aa5-c8ad-40cb-94c5-084f5477bc56', '1', 2026, 'CS004', 70, '588ad22b-7dfb-4bee-9250-494689cd6748', '3e0900de-8db2-4e57-9760-85e212f6e958'),
('b537dfaa-d41f-4fde-a0fb-cd0948793c3e', '1', 2026, 'CS005', 55, 'eca3cc2f-fae7-4579-8547-d598efa337a5', 'e7f0f890-bfa9-4660-90e5-6fb093413d96'),
('615e25a3-497c-47e4-930c-6259524b8e5b', '1', 2026, 'CS006', 90, '7d08c3df-fe6c-4da8-86e1-db104fb522fd', 'c0bed6fa-c40d-4a52-b19b-bc89243d70f4'),
('53c3b8ac-931a-41a6-9472-360f78615ac0', '1', 2026, 'CS007', 65, '588ad22b-7dfb-4bee-9250-494689cd6748', '41b9eba8-7caf-4b6e-879a-eca429e497ce'),
('080082b9-332f-4947-a3bb-9373107fac65', '1', 2026, 'CS008', 75, '64ae75fe-181d-43d6-b601-db1f661b39ff', '289b1c0d-bee5-4537-a556-32dde5c94735'),
('fbed64ba-2095-45c0-b920-eefe44317bd8', '1', 2026, 'CS009', 50, '968dcd47-c73b-4fa1-b548-0b34591924ce', 'dab73951-4cfe-4ec7-adfc-814b273643b8'),
('ac079946-ec9c-4587-9216-179241061cd1', '1', 2026, 'CS010', 85, '0c0da4cb-9a6b-405f-a5c7-4d35ab0e97e5', '7eb1cdd8-d7de-4b13-be74-2fe53253e8b2'),
('c1d67d4e-d39e-476d-ad14-ce8d9da084e8', '1', 2026, 'CS011', 40, 'ae3b56d4-2113-4e68-aca2-7355e37aeacf', '76a580c9-8e26-4e20-9ff7-bcce5cbef97a'),
('44548f30-a1ed-419c-8bf7-71022a36a5ba', '1', 2026, 'CS012', 95, '33da09fb-8e4b-4db4-b48b-eacd688a37d1', 'f76afb69-78f5-4f54-bf03-44f2b61b7cc5'),
('34671f9a-b470-419f-a607-c3e6e0abc8a4', '1', 2026, 'CS013', 60, '30a5a71d-d676-45a9-93bf-a3c5d1163a9c', '15311042-7932-436f-8de1-da56e351bc97'),
('c5760006-7c2f-495a-a6d2-d3239a384a9e', '1', 2026, 'CS014', 70, 'e7359855-0044-40f0-ad4a-12fb998f255f', 'ef0c599f-5d01-4d41-93b7-d7a97dbaa62c'),
('9b8f76d1-36dc-4c3d-a533-87e18d87089d', '1', 2026, 'CS015', 50, 'bb053847-9894-429d-af91-a9643511803e', '0f024453-9a87-4dd4-a021-a5000cc06824'),
('6fe1d318-6e86-4d23-9096-068099e91c7d', '1', 2026, 'CS016', 80, 'f0348446-3de1-4a49-a174-67a692533260', '64feb514-88b5-472c-8521-a449a564fba4'),
('ebb6a9b2-11f5-48c1-999e-fbaa89447ea4', '1', 2026, 'CS017', 65, '33da09fb-8e4b-4db4-b48b-eacd688a37d1', '30e4ab28-1d3d-4c67-91bd-8b5a451d012b'),
('ed61b701-bf7d-440d-a0d7-d4948c0ad9ab', '1', 2026, 'CS018', 55, 'eed21074-d44d-4952-9ede-b7b438c0f4c3', '00e8e88b-d308-4e94-ad0a-92b26bf6559d'),
('b2a76bdb-7713-4e4e-9eda-eb734776188e', '1', 2026, 'CS019', 90, '5ed58f14-7775-42a1-b66b-0c288bccc28b', 'ce006067-2145-485c-8445-28abf4ab9765'),
('7f0f334e-7dfb-45cb-8a63-84b1aadb7900', '1', 2026, 'CS020', 60, 'f4658047-e228-4c61-a356-a74c3e3a096b', '73c1b4bf-482f-4811-8498-9d39dc1db6eb'),
('99390e11-2462-49bc-99bc-eeb8b74fecf5', '1', 2026, 'CS021', 70, '1b840495-b6af-41e3-b791-65b70ff23efe', '69de1aa9-bb04-4b94-9d8e-e6996d98a2be'),
('8641b0a0-89ba-40ca-84a9-327234fa53d2', '1', 2026, 'CS022', 85, '6e96d67d-c52e-4c87-a6dd-fe25b27b3fc3', 'd89e051f-914a-4048-b80e-3fbac717980a'),
('a19f05b9-ef95-44e1-835f-a4440620d3a7', '1', 2026, 'CS023', 55, 'ac152056-049e-4541-9845-379a5714a2ed', 'fb5dc4e8-1cbb-456e-b0d3-723feec96d1d'),
('bbaf302e-1d7a-403c-9b84-0a81e12a4d0e', '1', 2026, 'CS024', 95, '4504dd4d-f17d-4398-a9d8-fb044cab7c14', '0ef4ca61-973d-4f58-bf79-78821368011a'),
('58811a11-aeb7-4cac-8e55-4b878b4e76e1', '1', 2026, 'CS025', 60, 'bc2c4781-345e-469b-9891-b31ddd9cd182', '13f3a8f0-9241-4537-b1bc-84142e69a712'),
('9447ad0c-cef8-431e-8c97-f53da9312bcb', '1', 2026, 'CS026', 75, 'f90e5a07-9f42-4e28-b10f-f3913b84b924', 'ce006067-2145-485c-8445-28abf4ab9765'),
('421fe325-1aa0-42c3-ad59-9e3d102f9cea', '1', 2026, 'CS027', 50, 'a17530d4-bb1d-485e-9537-e33a07cc711c', '29f48681-ad14-4244-b22f-bf51a47c0a37'),
('0c4ce304-a655-4d64-a72f-db173cee7245', '1', 2026, 'CS028', 80, '62b28bb7-7319-4328-8ead-4f76d37615c9', 'b0edcfed-ba7a-4dff-a85d-7f3c9bb7501a'),
('52c694d2-9ecf-454c-bb46-3f4aa37b3ddc', '1', 2026, 'CS029', 65, '75823da9-3f8c-4a27-99e8-3e06fd41e69e', '7eb1cdd8-d7de-4b13-be74-2fe53253e8b2'),
('1c9f49e0-9525-44f4-931a-d38df6efcaf3', '1', 2026, 'CS030', 90, '78ce4231-64a5-4627-9265-e9226c9d556c', '98154c71-0347-44f5-9dae-6929eb8c2716'),
('8cbe5afd-7477-4c3e-b414-da9594201959', '1', 2026, 'CS031', 70, '512c6803-2491-488b-8b71-af667ad6c33b', 'c0bed6fa-c40d-4a52-b19b-bc89243d70f4'),
('aa7720ab-e522-4ca4-b992-c3e4ecb7f6a0', '1', 2026, 'CS032', 55, '58ef4fcd-c52e-480d-b8d1-150d8915a4c0', '987da423-662f-4d9d-9ef7-b80ae25c0673'),
('593a4a59-ab4f-4c78-b6a2-f20bd8b21f71', '1', 2026, 'CS033', 95, 'a0e8675e-edf9-4cc3-abbd-06163128f245', '76a580c9-8e26-4e20-9ff7-bcce5cbef97a'),
('62993251-33ac-4e51-b4bb-0378d3147113', '1', 2026, 'CS034', 60, '063f2138-f39d-417c-b495-5e99897d18ef', '289b1c0d-bee5-4537-a556-32dde5c94735'),
('fac86911-cff0-4617-84ce-fc5f72446ebf', '1', 2026, 'CS035', 80, '7c50b07f-1d36-45b4-8fb2-298b5036a7f5', 'f23f3bda-f69b-43bb-bcf6-ebabd8e95c6b'),
('9868d95b-a778-4553-9b51-acc067cebe3e', '1', 2026, 'CS036', 80, 'eca3cc2f-fae7-4579-8547-d598efa337a5', 'e7f0f890-bfa9-4660-90e5-6fb093413d96'),
('8736e2c7-c895-4935-86c3-3bdb839ca130', '1', 2026, 'CS037', 60, 'c4b5d1cc-fd98-4de3-bae6-029975bcb445', 'dab73951-4cfe-4ec7-adfc-814b273643b8'),
('ea910e24-6133-4264-8920-2b9e245ddff5', '1', 2026, 'CS038', 90, '3ab0c6ff-545e-448e-93ae-1a43fae0912d', '0f024453-9a87-4dd4-a021-a5000cc06824'),
('5aba25e9-bac7-4b5a-a31c-8873d1c47e12', '1', 2026, 'CS039', 75, '968dcd47-c73b-4fa1-b548-0b34591924ce', 'f80275fa-bfb1-4810-9505-9ffd53ccfa86'),
('0ebc39e2-b44f-466f-a7e9-95fd99e17cea', '1', 2026, 'CS040', 50, 'eed21074-d44d-4952-9ede-b7b438c0f4c3', '00e8e88b-d308-4e94-ad0a-92b26bf6559d'),
('54fe9ced-5278-4aa4-b55d-31825c5ba434', '1', 2026, 'CS041', 85, '588ad22b-7dfb-4bee-9250-494689cd6748', '3e0900de-8db2-4e57-9760-85e212f6e958'),
('8da8b75a-2747-47cd-82a0-af22503cf118', '1', 2026, 'CS042', 70, '64ae75fe-181d-43d6-b601-db1f661b39ff', '289b1c0d-bee5-4537-a556-32dde5c94735'),
('1171c16d-68d4-4efe-b031-dd8e0b7d7346', '1', 2026, 'CS043', 65, 'e7359855-0044-40f0-ad4a-12fb998f255f', 'ef0c599f-5d01-4d41-93b7-d7a97dbaa62c'),
('22641871-8cc4-46b6-ba79-d52808bcbdba', '1', 2026, 'CS044', 95, '4f62d894-f9ad-4474-a6d1-a466dd0000d5', '8a395526-f9f1-492a-b4f7-41c3d25fa20e'),
('e96dd9cd-7f0b-4e3a-8aac-c7b881ba9e57', '1', 2026, 'CS045', 55, '33da09fb-8e4b-4db4-b48b-eacd688a37d1', '30e4ab28-1d3d-4c67-91bd-8b5a451d012b'),
('981175cc-74c1-408c-8fdb-a4f9ba53cdbf', '1', 2026, 'CS046', 88, 'f49f1de8-6123-4476-88de-5fed25dd9244', '62db1069-47db-4c24-bbba-f2ef6aa92a9f'),
('42bda60e-5911-46f1-817d-03582e214ae9', '1', 2026, 'CS047', 72, '588ad22b-7dfb-4bee-9250-494689cd6748', '7b589a2d-fcc6-4fcc-ba47-94b32c73f318'),
('1dc71eb7-8f1f-4938-b874-bf9af5bee8cb', '1', 2026, 'CS048', 66, '64ae75fe-181d-43d6-b601-db1f661b39ff', '4facd65a-8e0f-43e5-a3d1-ef00bc1fe267'),
('071c7f77-ac29-4752-b16c-40255855af5a', '1', 2026, 'CS049', 77, 'e7359855-0044-40f0-ad4a-12fb998f255f', 'd8bcf7fe-6a7a-42ce-906b-638313c435c4'),
('276d32db-4029-4d9a-b812-d357c8f18565', '1', 2026, 'CS050', 82, '33da09fb-8e4b-4db4-b48b-eacd688a37d1', 'efbac479-5e85-4d0a-8ffd-aad1f38cdb63'),
('ef1f6636-adfc-4f5e-8d7b-107de7f5af81', '1', 2026, 'CS051', 68, 'eca3cc2f-fae7-4579-8547-d598efa337a5', '98154c71-0347-44f5-9dae-6929eb8c2716'),
('528a123d-13f0-4f06-9796-0091595fa9b9', '1', 2026, 'CS052', 74, 'c4b5d1cc-fd98-4de3-bae6-029975bcb445', 'd142e893-f889-466d-92c2-a853a26a6f41'),
('40f78d6f-6537-417b-ac18-f24545ba937d', '1', 2026, 'CS053', 90, '3ab0c6ff-545e-448e-93ae-1a43fae0912d', '0a4f2a4c-fdf3-48e1-9134-0b5218a16323'),
('92ae9f15-3a58-47f1-924c-4de2d2469880', '1', 2026, 'CS054', 79, '968dcd47-c73b-4fa1-b548-0b34591924ce', '987da423-662f-4d9d-9ef7-b80ae25c0673'),
('18c2a14c-2184-4b91-b760-cf090f962a85', '1', 2026, 'CS055', 83, 'eed21074-d44d-4952-9ede-b7b438c0f4c3', '3e0900de-8db2-4e57-9760-85e212f6e958'),
('0a718af3-6719-41c6-9c05-c5ecfaaf6250', '1', 2026, 'CS056', 80, 'c4b5d1cc-fd98-4de3-bae6-029975bcb445', 'e7f0f890-bfa9-4660-90e5-6fb093413d96'),
('ecd749de-ebe5-443c-a5e7-61c1745c6155', '1', 2026, 'CS057', 60, '22e1e38f-f12a-4bc9-b1e8-4a36dadd8af4', 'dab73951-4cfe-4ec7-adfc-814b273643b8'),
('5d25c54d-e37a-4cb2-a26e-d7e88a630332', '1', 2026, 'CS058', 75, '3ab0c6ff-545e-448e-93ae-1a43fae0912d', '0f024453-9a87-4dd4-a021-a5000cc06824'),
('19038ee0-beba-4931-a245-5db52395c001', '1', 2026, 'CS059', 90, '588ad22b-7dfb-4bee-9250-494689cd6748', '3e0900de-8db2-4e57-9760-85e212f6e958'),
('ccf5da13-ba59-48b5-b945-14d694a4eed6', '1', 2026, 'CS060', 55, '968dcd47-c73b-4fa1-b548-0b34591924ce', '00e8e88b-d308-4e94-ad0a-92b26bf6559d'),
('b0f8bbf3-deca-478f-b3e0-eff0d0e8fb57', '1', 2026, 'CS061', 70, 'bb053847-9894-429d-af91-a9643511803e', 'fb5dc4e8-1cbb-456e-b0d3-723feec96d1d'),
('3ce60d9a-ebc9-4d60-9602-d6ccb67e838b', '1', 2026, 'CS062', 65, '32f5cdf2-3414-4c43-a6ac-116f9d6ffd27', 'bcf0cde4-3eef-4920-9111-d8dd007aca7f'),
('bae987dd-27cc-4c50-9786-42ed76d8cc35', '1', 2026, 'CS063', 85, '6e96d67d-c52e-4c87-a6dd-fe25b27b3fc3', 'fe7dc613-3769-4a21-b0c6-752e0b43128f'),
('aeb6639d-f6e7-4351-8045-4f5fe08a2b55', '1', 2026, 'CS064', 95, '7d08c3df-fe6c-4da8-86e1-db104fb522fd', '13f3a8f0-9241-4537-b1bc-84142e69a712'),
('b8eabc40-b300-4256-a906-336d1f38e848', '1', 2026, 'CS065', 50, 'dd6ec51a-f39a-43e0-9c74-c02d94e2c45b', 'b0edcfed-ba7a-4dff-a85d-7f3c9bb7501a'),
('cbf34f7c-5afc-454d-98ac-0cd65c84cbf3', '1', 2026, 'CS066', 88, 'c63a82af-6107-4f11-a303-173515d81913', '98154c71-0347-44f5-9dae-6929eb8c2716'),
('7b21890b-3742-4f9c-a21f-026cb69fbaa2', '1', 2026, 'CS067', 92, '47ef6084-5ad2-4136-88d4-ff5a554e42e4', 'd142e893-f889-466d-92c2-a853a26a6f41'),
('72b41759-af09-44fb-a820-b55e4214c616', '1', 2026, 'CS068', 77, 'd0bb859d-2076-48eb-9111-29568db22529', '0a4f2a4c-fdf3-48e1-9134-0b5218a16323'),
('a796dac1-afdb-465b-abf8-0ca5da69e9f6', '1', 2026, 'CS069', 66, '30d7a65e-69da-4a70-8dcf-1fa0db2e85a2', '987da423-662f-4d9d-9ef7-b80ae25c0673'),
('27f21764-3300-4bbd-ad5c-6cf9ee150c66', '1', 2026, 'CS070', 81, '75789eba-aeee-4fd2-b6d2-1dfa4a6d77af', '3e0900de-8db2-4e57-9760-85e212f6e958'),
('a74f49fd-10bc-47c7-9bb5-62def14e16dd', '1', 2026, 'CS071', 73, '64ae75fe-181d-43d6-b601-db1f661b39ff', '289b1c0d-bee5-4537-a556-32dde5c94735'),
('a54a7d5c-60dd-4231-80c4-192391864674', '1', 2026, 'CS072', 69, '2dd54adf-fae2-48cd-84ee-709f87c05743', 'ef0c599f-5d01-4d41-93b7-d7a97dbaa62c'),
('9a133733-4f06-4e4d-a8d1-1db0002a4265', '1', 2026, 'CS073', 58, 'fb0ab111-ba2a-4b87-b448-5178768bf9e0', '8a395526-f9f1-492a-b4f7-41c3d25fa20e'),
('314443df-6a2b-4ae4-8ef9-a7335fb31c08', '1', 2026, 'CS074', 97, '063f2138-f39d-417c-b495-5e99897d18ef', '30e4ab28-1d3d-4c67-91bd-8b5a451d012b'),
('f530676c-1b21-4456-bd2a-8478e5d3d87e', '1', 2026, 'CS075', 83, '390809a0-5d29-44ba-a9c8-4c5928986b85', '62db1069-47db-4c24-bbba-f2ef6aa92a9f'),
('94e530e9-19a6-4175-9b6e-10ddd3663e1f', '1', 2026, 'CS076', 79, '0c0da4cb-9a6b-405f-a5c7-4d35ab0e97e5', '7b589a2d-fcc6-4fcc-ba47-94b32c73f318'),
('0f4301d4-e95e-4b6e-902b-461a3f23136f', '1', 2026, 'CS077', 88, '7ba3f9fa-2f8c-41c7-92a2-adc921117aef', '4facd65a-8e0f-43e5-a3d1-ef00bc1fe267'),
('b70a4ee0-e628-47d0-9be2-7e7732e101d6', '1', 2026, 'CS078', 67, '78ce4231-64a5-4627-9265-e9226c9d556c', 'd8bcf7fe-6a7a-42ce-906b-638313c435c4'),
('550bf504-6151-4b87-aede-f5a59b45726c', '1', 2026, 'CS079', 59, '1cd46cd9-be31-4170-a16e-9e6f72b8e197', 'efbac479-5e85-4d0a-8ffd-aad1f38cdb63'),
('cfa95dd9-5cb4-412b-8479-d2cb700699fb', '1', 2026, 'CS080', 94, '58ef4fcd-c52e-480d-b8d1-150d8915a4c0', '31c2fc00-b59a-47bc-8023-4e913357bcfd'),
('eda3168c-9a7f-4e28-a507-61de86c026f7', '1', 2026, 'CS081', 72, '33da09fb-8e4b-4db4-b48b-eacd688a37d1', '9bcdf8ce-a85d-4e54-ba7c-0a0a84d28314'),
('aa1eff1c-f7a5-4a50-99d7-049906d8aeeb', '1', 2026, 'CS082', 68, 'e7359855-0044-40f0-ad4a-12fb998f255f', '73c1b4bf-482f-4811-8498-9d39dc1db6eb'),
('737bccac-c397-4485-b105-825e07e650e6', '1', 2026, 'CS083', 61, 'f49f1de8-6123-4476-88de-5fed25dd9244', 'fc801179-870d-48f6-b293-1d951569757f'),
('96aa8ef4-da3b-4458-b412-3d5906329f1c', '1', 2026, 'CS084', 85, 'f4658047-e228-4c61-a356-a74c3e3a096b', '96f3e982-2b0a-48a5-9621-20bfb6f760e8'),
('b64f8ddf-19d2-4ba7-91a0-c7e0f2403ec8', '1', 2026, 'CS085', 90, '497630ac-563f-4d42-a4fe-3d745bf685f8', '34597872-f68c-4806-8fbd-e85774c7e3af'),
('34ece904-3432-4a08-906f-db8b70d08909', '1', 2026, 'CS086', 85, '4504dd4d-f17d-4398-a9d8-fb044cab7c14', 'aa675330-023a-4844-8954-76484ae6aabd'),
('eccbb8c2-6ce9-4241-a2f7-43505165ec5a', '1', 2026, 'CS087', 78, 'bc2c4781-345e-469b-9891-b31ddd9cd182', 'aa675330-023a-4844-8954-76484ae6aabd'),
('12ff6def-ac57-4131-8df0-3db87e34cbae', '1', 2026, 'CS088', 66, '30a5a71d-d676-45a9-93bf-a3c5d1163a9c', '29f48681-ad14-4244-b22f-bf51a47c0a37'),
('a5310304-a926-43c2-b691-28933a229a71', '1', 2026, 'CS089', 59, '588ad22b-7dfb-4bee-9250-494689cd6748', '64feb514-88b5-472c-8521-a449a564fba4'),
('d362bcbf-ebb3-4222-982b-ecad9399f68b', '1', 2026, 'CS090', 92, '33da09fb-8e4b-4db4-b48b-eacd688a37d1', '3e0900de-8db2-4e57-9760-85e212f6e958'),
('c1a56ac4-b6d7-4882-9ec6-a472950cf327', '1', 2026, 'CS091', 88, '64ae75fe-181d-43d6-b601-db1f661b39ff', '289b1c0d-bee5-4537-a556-32dde5c94735'),
('4b989ae2-5254-4986-958b-9fbc5ce73981', '1', 2026, 'CS092', 73, '3ab0c6ff-545e-448e-93ae-1a43fae0912d', 'e7f0f890-bfa9-4660-90e5-6fb093413d96'),
('1ec48944-d066-4a4b-9182-c794d5bb01fc', '1', 2026, 'CS093', 81, '968dcd47-c73b-4fa1-b548-0b34591924ce', 'dab73951-4cfe-4ec7-adfc-814b273643b8'),
('97b8f3f9-b812-4d45-a1f7-c84702067122', '1', 2026, 'CS094', 64, 'eed21074-d44d-4952-9ede-b7b438c0f4c3', '0f024453-9a87-4dd4-a021-a5000cc06824'),
('4e9dc1c0-39ae-4bd2-8ea9-2d48f7e8f8f0', '1', 2026, 'CS095', 57, '75789eba-aeee-4fd2-b6d2-1dfa4a6d77af', 'fb5dc4e8-1cbb-456e-b0d3-723feec96d1d'),
('1ce340c8-f9b2-4c7f-ad58-38deab8e7c1b', '1', 2026, 'CS096', 95, '75823da9-3f8c-4a27-99e8-3e06fd41e69e', 'be9a38a9-e521-48ca-8966-58854106cd70'),
('a75501db-2697-465c-934d-c8d65f079af3', '1', 2026, 'CS097', 89, 'f90e5a07-9f42-4e28-b10f-f3913b84b924', 'c0bed6fa-c40d-4a52-b19b-bc89243d70f4'),
('add6eaf9-024b-458a-9d45-65c9b879fcf1', '1', 2026, 'CS098', 71, 'b1a9746b-eecc-4381-a6ff-df06988305f9', '76a580c9-8e26-4e20-9ff7-bcce5cbef97a'),
('ce23fcfe-99ef-4713-a131-f0ef7f1c4f2d', '1', 2026, 'CS099', 60, 'aab0171f-a196-4d47-b394-90e326b88d39', '15311042-7932-436f-8de1-da56e351bc97'),
('f966b019-d288-4479-bf06-3fa345e193e6', '1', 2026, 'CS100', 83, 'a17530d4-bb1d-485e-9537-e33a07cc711c', '0d808f27-52a0-48f5-9d82-f6bbfb9ae989'),
('5dbb5d3c-018d-4844-bf65-9943a2376717', '1', 2026, 'CS101', 77, 'e7359855-0044-40f0-ad4a-12fb998f255f', 'ef0c599f-5d01-4d41-93b7-d7a97dbaa62c');

INSERT INTO Student_Enrollment (id, enrollment_status, student_id, course_section_id) VALUES
('0e9eaefc-ac54-460b-a806-cd5135f566a4', 'pending', 'cc8d45c7-4ffd-42c1-abb7-6c87a76ab8df', 'e0256685-51f9-4db3-b0ed-8b8e566e0151'),
('bc475e05-72ef-423f-82b0-723da5eadd97', 'approving', '1d12e225-c62f-4f0d-ac8a-a95fa6e44922', '95150a63-9e60-43d8-a97e-8175c8f9b183'),
('ae78c837-b1d0-4de0-8bc0-a2da43ea7cd3', 'declining', 'c20fd8e1-85de-4f7b-9a87-d3b6953dfcd2', '615e25a3-497c-47e4-930c-6259524b8e5b'),
('8a2672f8-94d3-4f31-abe7-1dcf81727d16', 'pending', 'e74950de-ea53-48f1-b327-7db88b21313a', 'ac079946-ec9c-4587-9216-179241061cd1'),
('9fd39a8b-f756-4a16-ae2b-5543bcb6657a', 'approving', 'f0fc23aa-328a-458c-8f4e-7a36529c7463', 'c1d67d4e-d39e-476d-ad14-ce8d9da084e8'),
('1589d5dc-6ec8-4a70-8d5e-812c4ba2edaf', 'pending', 'dc6a7fcc-26da-49a4-98ce-6e834f05d816', '44548f30-a1ed-419c-8bf7-71022a36a5ba'),
('a4112878-be4d-49dc-85fc-995e7b8e3b36', 'approving', '24f84e90-0097-44e0-8139-0ed226c9af83', 'b2a76bdb-7713-4e4e-9eda-eb734776188e'),
('16d12bd2-3464-4bc5-b357-7d36d1687553', 'declining', 'a7fff4c8-37c2-4301-95dc-eab0e5afdbb2', '99390e11-2462-49bc-99bc-eeb8b74fecf5'),
('22082bad-f492-4d2d-ba58-fa007e66d48a', 'pending', 'a7cc90af-9787-4114-ab32-a5f2a31ce045', '8641b0a0-89ba-40ca-84a9-327234fa53d2'),
('9323df71-453f-4e61-b02a-94bc8c82555f', 'approving', '336ea151-2d5a-4320-a6b8-c3d873ec9581', 'bbaf302e-1d7a-403c-9b84-0a81e12a4d0e'),
('b9ac2187-922f-4285-a9ea-c6597e617bd2', 'pending', 'bdff6361-6394-4929-9902-dfdb6c38bc22', '9447ad0c-cef8-431e-8c97-f53da9312bcb'),
('95dc1c14-c7f2-4cbb-bdf0-fac0e465cca8', 'approving', 'ada5e766-a45b-4351-83b7-b4ca9b94342d', '421fe325-1aa0-42c3-ad59-9e3d102f9cea'),
('a4dc0549-28dd-4535-8493-6e867df58cae', 'declining', 'c801ce44-b91d-488b-aeeb-8f70c308137d', '52c694d2-9ecf-454c-bb46-3f4aa37b3ddc'),
('8081a4c4-0ceb-48d5-898b-07176d39b002', 'pending', '0013fd39-b49e-4f34-8098-f67125d146d5', '8cbe5afd-7477-4c3e-b414-da9594201959'),
('9497ff49-cb85-4366-8cb5-da2a2db04cae', 'approving', 'c757aa20-490d-48bd-b711-bc9c2894d372', '593a4a59-ab4f-4c78-b6a2-f20bd8b21f71'),
('622c5b06-77a5-4e88-ad0b-4fbb5780537a', 'pending', 'f1cb346a-a0f6-4489-ae8c-7d8435fd567f', 'e0256685-51f9-4db3-b0ed-8b8e566e0151'),
('fe818b1c-c30a-42d6-be61-70cfe6209d6c', 'approving', 'fa6ba968-eca6-411d-af07-814cc70b6ad8', '95150a63-9e60-43d8-a97e-8175c8f9b183'),
('378b2e79-7759-4824-ade1-db6dd1245256', 'declining', 'f4af8e1e-484a-484f-9d5b-1247245f10e1', '615e25a3-497c-47e4-930c-6259524b8e5b'),
('de0f8a9d-1eec-4c46-b2af-300254260e49', 'pending', '1655e6b5-05f7-4fcb-a61b-2e66fa44b3de', 'ac079946-ec9c-4587-9216-179241061cd1'),
('30ecafbe-d12a-45f7-9552-bfd708662c8e', 'approving', 'ef71e3e7-0f3b-44a6-8633-3d880f14c73b', 'c1d67d4e-d39e-476d-ad14-ce8d9da084e8'),
('13cbbf36-82df-4701-a028-2d4a35d07062', 'pending', '9abb698c-30ae-46f7-b16c-3157986aced1', '44548f30-a1ed-419c-8bf7-71022a36a5ba'),
('f34390ab-01d0-4b17-b873-dc16d19e9a90', 'approving', '14627796-eb7b-46a6-9de2-fad21ece4e79', 'b2a76bdb-7713-4e4e-9eda-eb734776188e'),
('30e7d03b-2045-436b-9886-39043ec4c6c2', 'declining', '613bbb4d-f559-4af4-8289-45a8cbc98250', '99390e11-2462-49bc-99bc-eeb8b74fecf5'),
('ed8464d2-b210-49da-a779-e04ad5ac1215', 'pending', 'cd719d9f-30e8-46d9-8a09-7b8b151d59d3', '8641b0a0-89ba-40ca-84a9-327234fa53d2'),
('7957c157-11a9-46c8-9b20-d66c1648ac4f', 'approving', 'cc8d45c7-4ffd-42c1-abb7-6c87a76ab8df', 'bbaf302e-1d7a-403c-9b84-0a81e12a4d0e'),
('b259f949-b9d0-434f-993f-13880af2e760', 'pending', 'd20b7503-db0f-4dee-ae5c-fbda8b052126', '8365ac9a-422d-41ff-9d36-fc6fab4b2a53'),
('52cb3c99-bd49-4017-bfe7-5f0b73adbaa9', 'approving', '46025438-2ab3-440a-8a2c-97bb4f439a45', '53c3b8ac-931a-41a6-9472-360f78615ac0'),
('07167801-b5eb-4935-b88e-689eafb01423', 'declining', '1664e914-38ed-4531-83e7-de1d1d58f447', '6fe1d318-6e86-4d23-9096-068099e91c7d'),
('1e9e0e59-8502-40f8-8e9b-38b87e7e7ad3', 'pending', '52f8f7b4-da65-4786-9738-ff5468d568f0', '8365ac9a-422d-41ff-9d36-fc6fab4b2a53'),
('46d82a9a-bdce-442e-a3ca-4b23c6ae0bea', 'approving', '352f6a1a-b961-4e46-b91c-c71f9cc4cce9', '53c3b8ac-931a-41a6-9472-360f78615ac0'),
('b6d3551e-3e0e-48fa-bb7a-ee614971e801', 'pending', '22b13bc3-dd2d-4750-9c2c-5f1803d9f248', '6fe1d318-6e86-4d23-9096-068099e91c7d'),
('27031ab2-1e34-441b-9fd3-4ae6ca901217', 'approving', '2bf07806-6f5a-439b-9fa6-aa6da166088e', '8365ac9a-422d-41ff-9d36-fc6fab4b2a53'),
('41d02db2-2d55-49f3-b589-0a03e653c810', 'declining', 'd20b7503-db0f-4dee-ae5c-fbda8b052126', '53c3b8ac-931a-41a6-9472-360f78615ac0'),
('74602548-e221-4225-94d1-c9bab8eb295a', 'pending', '46025438-2ab3-440a-8a2c-97bb4f439a45', '6fe1d318-6e86-4d23-9096-068099e91c7d'),
('7cf4b254-fedf-4d77-831f-bb7b017d9274', 'approving', '1664e914-38ed-4531-83e7-de1d1d58f447', '8365ac9a-422d-41ff-9d36-fc6fab4b2a53'),
('2a2c14db-092d-476f-a04d-7eafdfb8ff90', 'pending', '52f8f7b4-da65-4786-9738-ff5468d568f0', '53c3b8ac-931a-41a6-9472-360f78615ac0'),
('9d852747-b556-44d5-a6e4-1fc99d727daa', 'approving', '352f6a1a-b961-4e46-b91c-c71f9cc4cce9', '6fe1d318-6e86-4d23-9096-068099e91c7d'),
('94927595-caa4-462f-acbf-04bf98ad0e3e', 'declining', '22b13bc3-dd2d-4750-9c2c-5f1803d9f248', '8365ac9a-422d-41ff-9d36-fc6fab4b2a53'),
('abf9922d-3e7e-4cb8-95d3-1c75b460d0a0', 'pending', '2bf07806-6f5a-439b-9fa6-aa6da166088e', '53c3b8ac-931a-41a6-9472-360f78615ac0'),
('a7136ae6-d40c-4000-8eb9-1104de16f847', 'approving', 'd20b7503-db0f-4dee-ae5c-fbda8b052126', '6fe1d318-6e86-4d23-9096-068099e91c7d'),
('8bf6b997-87cd-4236-b2d9-04f8f0b8c86f', 'pending', '60e00585-f82e-4ee5-8dc7-1e6f466b33eb', '0d8e2aa5-c8ad-40cb-94c5-084f5477bc56'),
('575cd087-1534-4e86-9de1-5d6690d9661f', 'approving', 'b2f0d42f-e1e5-4e48-950c-b29ae7a034c1', '080082b9-332f-4947-a3bb-9373107fac65'),
('53da12c2-a3cf-4fbd-97b9-fc1a47b02935', 'declining', '9322ea65-161f-4d4d-a453-19a6c8e812d6', 'c5760006-7c2f-495a-a6d2-d3239a384a9e'),
('f7169924-8b50-40ba-8a43-9668d49bd269', 'pending', '60e00585-f82e-4ee5-8dc7-1e6f466b33eb', 'ebb6a9b2-11f5-48c1-999e-fbaa89447ea4'),
('520c40da-0c9c-4b6b-a30d-a2b01a7c9929', 'approving', 'b2f0d42f-e1e5-4e48-950c-b29ae7a034c1', '7f0f334e-7dfb-45cb-8a63-84b1aadb7900'),
('7149a62c-d8e2-43ce-94d0-4a60002425c1', 'pending', '9322ea65-161f-4d4d-a453-19a6c8e812d6', '0d8e2aa5-c8ad-40cb-94c5-084f5477bc56'),
('8e7a6718-1652-41f5-8590-ac65bed773af', 'approving', '60e00585-f82e-4ee5-8dc7-1e6f466b33eb', '080082b9-332f-4947-a3bb-9373107fac65'),
('22c920bf-0ffd-46b7-ba39-a155a860c863', 'declining', 'b2f0d42f-e1e5-4e48-950c-b29ae7a034c1', 'c5760006-7c2f-495a-a6d2-d3239a384a9e'),
('1d7b3952-2377-4ac7-90c7-73308a5e8e45', 'pending', '9322ea65-161f-4d4d-a453-19a6c8e812d6', 'ebb6a9b2-11f5-48c1-999e-fbaa89447ea4'),
('6be6dd27-620a-4e3c-b372-3c2408434946', 'approving', '60e00585-f82e-4ee5-8dc7-1e6f466b33eb', '7f0f334e-7dfb-45cb-8a63-84b1aadb7900'),
('d00b29e5-eeea-443a-b7cc-58f08ac00420', 'pending', 'da38f162-7512-46f3-98f8-051ff46b24f9', 'b537dfaa-d41f-4fde-a0fb-cd0948793c3e'),
('21017b47-909e-4025-ad9c-55a3016661f2', 'approving', '780ec255-1a03-4539-aac5-e9ff0e06a324', 'fbed64ba-2095-45c0-b920-eefe44317bd8'),
('5acbf0d8-d5cf-4ff0-a20f-bae739ac8517', 'declining', '4687d2d8-83e7-4f11-b013-d72ebf719ee2', '9b8f76d1-36dc-4c3d-a533-87e18d87089d'),
('52c6ea89-a17e-4758-bc65-4e4806ed33e4', 'pending', 'a24772ed-7c57-492d-b7d0-2478e29aefe6', 'ed61b701-bf7d-440d-a0d7-d4948c0ad9ab'),
('c1e782a4-d030-47b6-a483-7b61ff952a6a', 'approving', '993eec0e-6626-498d-aa25-6fe88d787705', 'a19f05b9-ef95-44e1-835f-a4440620d3a7'),
('969ec45f-fe70-4749-a4f4-07f425828653', 'pending', '58b139d3-0468-4ab1-b9c1-016918da5ca2', '58811a11-aeb7-4cac-8e55-4b878b4e76e1'),
('4ccd0252-9a3e-4e50-b3e2-b2b374da1769', 'approving', '10a8f96c-fdb5-4818-be8f-0ebe7522f49f', '0c4ce304-a655-4d64-a72f-db173cee7245'),
('89a762d3-1b82-4457-a510-539d0b3422cd', 'declining', 'b464c96f-848b-44cb-9081-a43b9aafa992', '1c9f49e0-9525-44f4-931a-d38df6efcaf3'),
('d039a0aa-f6ca-4d23-b586-f51400bd206b', 'pending', 'b5461ea3-ef47-4e6f-895f-ea58db344233', 'aa7720ab-e522-4ca4-b992-c3e4ecb7f6a0'),
('aa962647-e9d7-4b7e-8dfb-fe503bf29911', 'approving', '0bbe1161-0d0c-46f0-9409-1d4267547a1f', 'b537dfaa-d41f-4fde-a0fb-cd0948793c3e'),
('6f163d66-af4f-44e9-bfb0-c52785d926eb', 'pending', '531a3bd1-8b00-458f-8b8f-57ef32298e08', 'fbed64ba-2095-45c0-b920-eefe44317bd8'),
('677f39fd-cae2-4bec-94d3-ff7aaa1033de', 'approving', 'f85c98a3-df56-4994-98bf-f30f7572a9b0', '9b8f76d1-36dc-4c3d-a533-87e18d87089d'),
('0447fccb-a49c-4f34-a181-3c9cdec80451', 'declining', 'd5936227-c307-4765-824d-c0df81713c6f', 'ed61b701-bf7d-440d-a0d7-d4948c0ad9ab'),
('878a7426-8a41-4da7-a6a3-13c878ddd164', 'pending', 'b61874cd-3cef-4716-a761-9b921b56051c', 'a19f05b9-ef95-44e1-835f-a4440620d3a7'),
('5621647c-725e-4793-a9eb-759d6946ea2e', 'approving', 'cccf8349-e327-4e04-a9e2-950369496e6c', '58811a11-aeb7-4cac-8e55-4b878b4e76e1'),
('02bcae2d-c3b8-4812-827a-2b1900932f47', 'pending', '412ab515-b982-45a5-8b6a-2d07f365dea9', '0c4ce304-a655-4d64-a72f-db173cee7245'),
('31c79360-65ce-4b71-9b4f-8a81e3ac03cd', 'approving', '8eded035-daf0-421b-a22d-1145d2a46aca', '1c9f49e0-9525-44f4-931a-d38df6efcaf3'),
('0859197d-a4fa-4407-8ea0-477fe60e8975', 'declining', '827fe6b7-e9f1-4fd4-81f2-b61436ef496a', 'aa7720ab-e522-4ca4-b992-c3e4ecb7f6a0'),
('1c45bf21-45d6-4139-bef7-761148c6a606', 'pending', 'de0c824e-8ac9-4edf-af5f-29c8e7f2d2fb', 'b537dfaa-d41f-4fde-a0fb-cd0948793c3e'),
('0acb30a7-8d0c-426b-acd1-855863d65ecf', 'approving', '78a173a4-e3b6-4acd-8857-bbf5e6435aea', 'fbed64ba-2095-45c0-b920-eefe44317bd8'),
('07bc97ed-e7d1-49ef-8fed-7bc43ca42c8a', 'pending', '4eaf38c2-89fe-4f98-af9a-af5744e4abbb', '9b8f76d1-36dc-4c3d-a533-87e18d87089d'),
('17bf1e4d-9fc1-4889-9070-3bb1be2fd153', 'approving', 'f0c82ff3-cdcb-48cc-89cc-8d4d18660afc', 'ed61b701-bf7d-440d-a0d7-d4948c0ad9ab'),
('68f369d9-4f1b-446d-bca8-e889740c9007', 'declining', '966369b2-08f9-49af-b31b-d310fffe2b36', 'a19f05b9-ef95-44e1-835f-a4440620d3a7'),
('53ea289d-3cca-4bf2-8490-f456efbc74ef', 'pending', '3d7d2516-7429-4f69-aef4-306423f5dc5b', '58811a11-aeb7-4cac-8e55-4b878b4e76e1'),
('356f3083-0d5c-49f6-acee-3bec02278b70', 'approving', 'bfe21411-94eb-4f86-8fff-690c4ad19fe3', '0c4ce304-a655-4d64-a72f-db173cee7245'),
('89c9b2c2-9123-4d75-81ba-48c6a712db8d', 'pending', 'f8affa4a-8fb3-48e8-b6e8-d61202bc2518', '1c9f49e0-9525-44f4-931a-d38df6efcaf3'),
('08e9143b-0afa-46da-9674-7c940e08b56a', 'approving', '1ba3cba7-4e0d-411f-9dc4-715675f5045b', 'aa7720ab-e522-4ca4-b992-c3e4ecb7f6a0'),
('8d230c81-6200-4fa0-bd98-8fc849c0f0e1', 'declining', '829fb7c2-c842-4bee-985d-c5f15b3b5331', 'b537dfaa-d41f-4fde-a0fb-cd0948793c3e'),
('9371b7ba-b15a-46cf-a207-4b69cb853fbb', 'pending', 'c09b38df-7cb8-4357-95d1-ee255cd58f0f', 'fbed64ba-2095-45c0-b920-eefe44317bd8'),
('f59dd3fe-eb3e-492c-8950-38e66c411565', 'approving', '9b4f965d-3840-4717-81ff-2349cd40f2ba', '9b8f76d1-36dc-4c3d-a533-87e18d87089d'),
('62fdb94f-2fcc-4d3f-a63c-ecc385b8fd09', 'pending', '7c030199-b34f-43e6-8009-e38229d897f9', 'ed61b701-bf7d-440d-a0d7-d4948c0ad9ab'),
('9408dc98-ec94-4ceb-941b-098d039e207f', 'approving', '170bb7a9-f1de-4387-9dec-1dfda1ddf4bf', 'a19f05b9-ef95-44e1-835f-a4440620d3a7'),
('bfdd56a1-8e3e-4ac2-be8c-8f7f38ceea52', 'declining', '83720d04-debb-43c7-b0e0-75f11e9c00bf', '58811a11-aeb7-4cac-8e55-4b878b4e76e1'),
('270dce87-4e35-482c-a930-f51dd1b39a62', 'pending', '97089b64-b562-4259-a48b-ea5178cc787e', '0c4ce304-a655-4d64-a72f-db173cee7245'),
('dd47dba7-cb39-48e1-8f5c-a05b0a44759d', 'approving', 'c31e7f9d-9f13-4a1a-a7df-65932df6f4e3', '1c9f49e0-9525-44f4-931a-d38df6efcaf3'),
('830e5211-9ce8-4d86-ae3e-7354791e9279', 'pending', 'e30e0641-2248-4b52-8715-23d016e9e400', 'aa7720ab-e522-4ca4-b992-c3e4ecb7f6a0'),
('e25243f3-819f-46af-af80-b6b6b7e3e7e8', 'approving', '391502e8-1812-40ba-ab83-68b5adf26d88', 'b537dfaa-d41f-4fde-a0fb-cd0948793c3e'),
('eaa325a8-be0e-422b-aaa2-6e35c9f2b151', 'declining', '7d714a11-6711-4492-9965-7b3e9edf2fe8', 'fbed64ba-2095-45c0-b920-eefe44317bd8'),
('91c96778-72d8-453b-96bb-b6479c7f0ac6', 'pending', '8247a048-413e-4152-8f93-eb6108d91388', '9b8f76d1-36dc-4c3d-a533-87e18d87089d'),
('48dc875e-32a8-4e3e-a7fa-ba7f3030bb4c', 'approving', 'c9827eb8-8aae-44a9-86da-f113ddcb219b', 'ed61b701-bf7d-440d-a0d7-d4948c0ad9ab'),
('381542aa-3dfa-4f1d-8737-38edf22916f8', 'pending', '18f44947-4db0-42fe-9969-d5ac5adf0828', 'a19f05b9-ef95-44e1-835f-a4440620d3a7'),
('c4fa7f8d-6ab2-4ecd-8cae-52314f43bcd0', 'approving', '4518c278-0e8c-41fe-a746-288d56915121', '58811a11-aeb7-4cac-8e55-4b878b4e76e1'),
('0f530b53-2757-46e0-bf27-f83eaf81fe54', 'declining', '1ec6f77f-d4c9-4ea1-a3e0-a24dc56d03e4', '0c4ce304-a655-4d64-a72f-db173cee7245'),
('66641556-e7b7-4ce3-b873-cff14b8737ae', 'pending', '05796a45-d82c-47c4-ac66-f98559e649c5', '1c9f49e0-9525-44f4-931a-d38df6efcaf3'),
('b9b2b549-bae3-4a32-a887-e75009bda060', 'approving', '352f91b6-16df-4a12-bb4b-b2a7e61a28e4', 'aa7720ab-e522-4ca4-b992-c3e4ecb7f6a0'),
('99f85a17-8cb4-43f9-97a6-8fb0186a6fc5', 'pending', '11d247d0-5ee7-4703-b4ed-a19ec689825b', 'b537dfaa-d41f-4fde-a0fb-cd0948793c3e'),
('3093d39f-aeb9-4bdb-9707-6acc45e3d6ee', 'approving', '29cae31b-1e3a-47fa-b657-47cae10848ec', 'fbed64ba-2095-45c0-b920-eefe44317bd8'),
('f6c22ac9-1a24-4773-9991-62c6e4726ec0', 'declining', '0013a35c-cdc8-4a00-81b7-57133ffb3f15', '9b8f76d1-36dc-4c3d-a533-87e18d87089d'),
('9ea61dab-f97d-422d-8ef2-7d93c6baa9c1', 'pending', '44d63b84-baa3-44a7-9574-6cf1dd7352ac', 'ed61b701-bf7d-440d-a0d7-d4948c0ad9ab'),
('599e66c7-6438-41a3-8ebe-e3f84887c93d', 'approving', '981db678-7de6-4d65-822f-4d73312545d3', 'a19f05b9-ef95-44e1-835f-a4440620d3a7');

INSERT INTO Schedule (id, day_of_week, start_time, end_time, course_section_id, room_id) VALUES
('621b701e-0458-4f55-b8ef-ff50b841ef43', 'MON', '8:00', '10:30', 'e0256685-51f9-4db3-b0ed-8b8e566e0151', 'dfc357fb-53ab-4c33-83cb-70f69a48bd3e'),
('03bc2e43-fd04-448d-a090-4151e7e389a9', 'TUE', '10:35', '13:05', '95150a63-9e60-43d8-a97e-8175c8f9b183', '752beba1-e01d-41b1-95ee-a77c2e265fba'),
('fe3b9af5-f939-469d-8d79-7e7c1c5b4a8a', 'WED', '13:15', '15:45', '8365ac9a-422d-41ff-9d36-fc6fab4b2a53', 'ace71f6b-fa5f-4084-a715-782d574d73a7'),
('da4c9a97-7bbb-43eb-af24-875f3e8efa22', 'THU', '8:00', '10:30', '0d8e2aa5-c8ad-40cb-94c5-084f5477bc56', '8dc24392-9088-48b6-a203-2d62ed45e965'),
('ac5b67f4-37d4-4d63-ad3a-c459f43d06dc', 'FRI', '10:35', '13:05', 'b537dfaa-d41f-4fde-a0fb-cd0948793c3e', '760cd338-aee7-4660-adc0-33a776884621'),
('96f250f8-3233-4c9c-9fd5-2e84d761a991', 'SAT', '13:15', '15:45', '615e25a3-497c-47e4-930c-6259524b8e5b', '6a0212c1-42f2-489b-9448-7ec71f8c1e45'),
('1a5dc97c-9232-4acb-8b8b-3957adbd7cce', 'MON', '10:35', '13:05', '53c3b8ac-931a-41a6-9472-360f78615ac0', '29dcd02f-166d-42b8-86d8-39fc844eb98d'),
('a686573f-9a8b-472e-8049-5cd5c4b29912', 'TUE', '13:15', '15:45', '080082b9-332f-4947-a3bb-9373107fac65', '5d01a224-c10f-437a-8242-3cc30e7a1e29'),
('c1acb25e-101d-48da-a33c-4a0e36368f4d', 'WED', '8:00', '10:30', 'fbed64ba-2095-45c0-b920-eefe44317bd8', '1b2e622d-20aa-4ce3-b0d7-71783d9bebc1'),
('9ad68fe3-b43e-46d4-98ec-0285971b1929', 'THU', '10:35', '13:05', 'ac079946-ec9c-4587-9216-179241061cd1', 'c597fef4-51b9-4f54-8294-56ec195a9d29'),
('ba8ac7a7-376c-47b0-ae22-e0715c14a096', 'FRI', '13:15', '15:45', 'c1d67d4e-d39e-476d-ad14-ce8d9da084e8', '5c0a0c16-2423-41b0-b814-ed8c365229a4'),
('db3f129b-1324-4bf9-b430-566b7f4c7abb', 'SAT', '8:00', '10:30', '44548f30-a1ed-419c-8bf7-71022a36a5ba', '068e7935-9c3f-4a35-98d2-9a096aafd372'),
('2d0f99f2-8dd9-419d-9174-c096367e96e1', 'MON', '13:15', '15:45', '34671f9a-b470-419f-a607-c3e6e0abc8a4', '08f9b64f-40e7-44fb-936f-2b05766c35c3'),
('8c47d0a5-806a-4820-a8dc-ebf99eb277be', 'TUE', '8:00', '10:30', 'c5760006-7c2f-495a-a6d2-d3239a384a9e', '3649d9e7-0714-4886-b96a-2fca85381709'),
('703b118c-c3be-48b7-ba67-fb3b3950de99', 'WED', '10:35', '13:05', '9b8f76d1-36dc-4c3d-a533-87e18d87089d', '19d69649-ecef-46c2-b09c-9690b3f81e0a'),
('458ea51e-3e3e-4f86-9656-a2159fa9699d', 'THU', '13:15', '15:45', '6fe1d318-6e86-4d23-9096-068099e91c7d', 'cc504e1e-918c-496a-9578-007b086d2068'),
('4b21261d-96eb-4991-bff0-b6566f78cc49', 'FRI', '8:00', '10:30', 'ebb6a9b2-11f5-48c1-999e-fbaa89447ea4', '6b7d2686-4dfc-469c-a128-b52fdb123d43'),
('16959be9-85c4-4d28-b9e2-9c608afd050b', 'SAT', '10:35', '13:05', 'ed61b701-bf7d-440d-a0d7-d4948c0ad9ab', 'f7af5a21-ffb0-4655-afeb-8a7398770415'),
('0ede8107-7ae6-4fa0-b66b-4ccf4e3501a2', 'MON', '8:00', '10:30', 'b2a76bdb-7713-4e4e-9eda-eb734776188e', '9894ef86-d5c1-4e57-9384-c293832e01a0'),
('33fdb634-576d-4b0c-8e13-8db404decedd', 'TUE', '10:35', '13:05', '7f0f334e-7dfb-45cb-8a63-84b1aadb7900', 'aad67cc1-24df-475b-8c22-810b71416c4a'),
('ab774a51-3828-4141-8770-31a7942aeb72', 'WED', '13:15', '15:45', '99390e11-2462-49bc-99bc-eeb8b74fecf5', '43181f8c-8db5-49bf-8c1a-d2f2c6de1026'),
('0de1823c-4a9f-4b9e-ac13-c356d1cb8e1f', 'THU', '8:00', '10:30', '8641b0a0-89ba-40ca-84a9-327234fa53d2', '4a891d91-be23-4fbc-9111-a0c11637c33e'),
('7c971354-4d7b-48d7-9cb7-925d3b0142ee', 'FRI', '10:35', '13:05', 'a19f05b9-ef95-44e1-835f-a4440620d3a7', '6eb4dddb-f979-4d86-a2ca-df0763ff1235'),
('b951145b-ba2e-4ada-b4a2-a2c8c074b5bf', 'SAT', '13:15', '15:45', 'bbaf302e-1d7a-403c-9b84-0a81e12a4d0e', '97dcea2f-6bbf-4793-870d-ecd9449f7ce1'),
('fab42f97-199a-4859-b38d-1ee0fd9fb62b', 'MON', '10:35', '13:05', '58811a11-aeb7-4cac-8e55-4b878b4e76e1', '9806ee57-123d-46c7-bb81-b463d3294de8'),
('166cc02e-a006-416e-8077-de7cda6ad7b0', 'TUE', '13:15', '15:45', '9447ad0c-cef8-431e-8c97-f53da9312bcb', '7dbf6c37-13b6-4133-a9b4-075947bd9b69'),
('bcb2dbe7-17e4-4cc6-aa56-6772dbf0bbc2', 'WED', '8:00', '10:30', '421fe325-1aa0-42c3-ad59-9e3d102f9cea', 'aec30a67-a764-4fa3-9540-d67fdef3d34c'),
('a9dd965f-182d-4807-83e0-7a6de59876a1', 'THU', '10:35', '13:05', '0c4ce304-a655-4d64-a72f-db173cee7245', '4c87ea32-e83e-4281-b0ad-12322e903bf0'),
('f71315df-7278-4177-8c46-f947bfb5e8fe', 'FRI', '13:15', '15:45', '52c694d2-9ecf-454c-bb46-3f4aa37b3ddc', '9d8f1160-4d87-48cb-abf5-ba22b5a93879'),
('836e4437-43fb-4bd9-b58c-dd2f6cbcda9e', 'SAT', '8:00', '10:30', '1c9f49e0-9525-44f4-931a-d38df6efcaf3', '4e368a0a-8e52-4450-ac5d-483fcf120a40'),
('c3572a74-31e9-4450-99cf-41475230f92c', 'MON', '13:15', '15:45', '8cbe5afd-7477-4c3e-b414-da9594201959', '7b34c9aa-f86e-4fa1-b65e-18d86cf651ee'),
('15de6d5d-b5bb-464f-811b-2726441d5a98', 'TUE', '8:00', '10:30', 'aa7720ab-e522-4ca4-b992-c3e4ecb7f6a0', '78586488-efda-42d5-99b7-d6a851bfc304'),
('02a66546-1acb-430f-8347-5eae84463db2', 'WED', '10:35', '13:05', '593a4a59-ab4f-4c78-b6a2-f20bd8b21f71', '9b466629-2149-4147-8e7e-f0e22139bb7b'),
('4ee0b662-eea3-406b-9a01-482dd07b0dcd', 'THU', '13:15', '15:45', '62993251-33ac-4e51-b4bb-0378d3147113', 'e25e5999-21f6-47da-87b5-d4dd1f73f0b3'),
('6028b2a1-e423-45ac-bbda-d0d0a584934d', 'FRI', '8:00', '10:30', 'fac86911-cff0-4617-84ce-fc5f72446ebf', '401f8012-3f12-45f0-b19e-a0cb3bdfccc9'),
('509731b3-d05a-4d69-b18a-d5bf8ccb1221', 'SAT', '10:35', '13:05', '9868d95b-a778-4553-9b51-acc067cebe3e', '1ada7b27-5aec-40f0-958f-ed4e9b92c09d'),
('b22140f0-9ae5-4238-9bbd-364a3241d7db', 'MON', '8:00', '10:30', '8736e2c7-c895-4935-86c3-3bdb839ca130', 'b4aebec5-0e56-4412-9eea-3f2312dcbd24'),
('bf53beee-0c27-4e5e-ae91-8be88530cbc4', 'TUE', '10:35', '13:05', 'ea910e24-6133-4264-8920-2b9e245ddff5', '76b81911-d8c2-4d67-9a76-b6ceac63d743'),
('abf869fb-ed4d-434a-a34f-8837e4614d7c', 'WED', '13:15', '15:45', '5aba25e9-bac7-4b5a-a31c-8873d1c47e12', 'a3916569-3ad6-4cbf-a277-90dec604e386'),
('2526e113-7408-4fe6-99dd-7c9453414556', 'THU', '8:00', '10:30', '0ebc39e2-b44f-466f-a7e9-95fd99e17cea', '06303feb-23d0-402c-a29c-39e8cfa006f6'),
('9dba4662-342b-4cde-96aa-7d99706fcdd5', 'FRI', '10:35', '13:05', '54fe9ced-5278-4aa4-b55d-31825c5ba434', 'bfcf3f38-4f97-4d8f-9376-7ecd45c32b17'),
('1d922365-e87b-4886-8c1c-2cab40c011c4', 'SAT', '13:15', '15:45', '8da8b75a-2747-47cd-82a0-af22503cf118', '708a2966-3683-41d0-8f00-25eb9b011d3c'),
('d6232574-6c49-4170-94bc-de86f22a413a', 'MON', '10:35', '13:05', '1171c16d-68d4-4efe-b031-dd8e0b7d7346', 'ac9291dc-0dd7-49b3-aa93-10a6973c6e1a'),
('faf3a288-8706-49d5-8445-bdf9925b6347', 'TUE', '13:15', '15:45', '22641871-8cc4-46b6-ba79-d52808bcbdba', 'c55196e2-7b42-48ef-8dab-78fae2afad0b'),
('a13c9309-390b-45c3-890a-9d2868295126', 'WED', '8:00', '10:30', 'e96dd9cd-7f0b-4e3a-8aac-c7b881ba9e57', 'e9c87f1a-eb5e-47c2-8f30-5701387e4cbe'),
('eaaf722a-7eec-4c31-9686-ae39aa172125', 'THU', '10:35', '13:05', '981175cc-74c1-408c-8fdb-a4f9ba53cdbf', '9d516378-4f08-4532-8b5d-ec1948f53c32'),
('376d85b5-4267-4da6-b03e-73b675a3a0ab', 'FRI', '13:15', '15:45', '42bda60e-5911-46f1-817d-03582e214ae9', '8de700fd-10a1-48d5-b987-8b690a192ea0'),
('8407b237-b854-4fcf-9d54-a4f489eb6b70', 'SAT', '8:00', '10:30', '1dc71eb7-8f1f-4938-b874-bf9af5bee8cb', '5c20556d-287f-4384-a927-7a9195525d3d'),
('6a8ea6b4-218a-4c97-adb4-d2c9e31b33fe', 'MON', '13:15', '15:45', '071c7f77-ac29-4752-b16c-40255855af5a', '5c20556d-287f-4384-a927-7a9195525d3d'),
('9cb60e7e-72f2-486c-81c9-c7036b50453a', 'TUE', '8:00', '10:30', '276d32db-4029-4d9a-b812-d357c8f18565', '1ce737fd-3e09-4cd5-b3d6-5d13975699b3'),
('0f12215f-ac67-42ee-9fdf-69e90d7ba877', 'WED', '10:35', '13:05', 'ef1f6636-adfc-4f5e-8d7b-107de7f5af81', '850c3163-d30c-454c-9376-90d0dd28feb2'),
('cc5e3017-aad5-4031-b393-8057248ec718', 'THU', '13:15', '15:45', '528a123d-13f0-4f06-9796-0091595fa9b9', 'ab60bcdc-09f8-4b45-8a39-22f660704d44'),
('509ef9cd-1693-48f0-924d-2e064fa32ee6', 'FRI', '8:00', '10:30', '40f78d6f-6537-417b-ac18-f24545ba937d', '577cfd5f-ba71-4602-98b0-69e952d623fe'),
('ea424a90-9d7a-4883-96e4-065cca7c7672', 'SAT', '10:35', '13:05', '92ae9f15-3a58-47f1-924c-4de2d2469880', '0ba8196b-b5e8-4bd2-a44c-99abb4a58747'),
('0a7eddfe-38de-4144-90aa-e46dacfe5a1f', 'MON', '8:00', '10:30', '18c2a14c-2184-4b91-b760-cf090f962a85', 'f290d67a-8e74-4bf9-a506-60416a0f9e9e'),
('033d6f13-33a7-4e9b-a976-6f83ff1db9f7', 'TUE', '10:35', '13:05', '0a718af3-6719-41c6-9c05-c5ecfaaf6250', 'e439a371-b778-4adf-a461-9cba0dc831e0'),
('4cdad020-cbd9-4960-b573-90da11272025', 'WED', '13:15', '15:45', 'ecd749de-ebe5-443c-a5e7-61c1745c6155', '21df47b8-bcf8-496a-851c-08919561ce4a'),
('5c5a673f-be15-4726-8bbb-ccb6826fd3a3', 'THU', '8:00', '10:30', '5d25c54d-e37a-4cb2-a26e-d7e88a630332', '44542511-2110-4e47-a9b2-80d88eaf1e3c'),
('f685c9ca-4ba7-49da-bcdd-5de479632b41', 'FRI', '10:35', '13:05', '19038ee0-beba-4931-a245-5db52395c001', '19c9f923-dfea-43fd-86fe-a83c856b9965'),
('a4e84fef-fb0e-49d5-9e6a-255276b633e2', 'SAT', '13:15', '15:45', 'ccf5da13-ba59-48b5-b945-14d694a4eed6', 'e5bc4b56-2209-4dfa-9b60-77e116a9abde'),
('395f3a1e-07e0-415e-9bc5-8216347e2752', 'MON', '10:35', '13:05', 'b0f8bbf3-deca-478f-b3e0-eff0d0e8fb57', 'dfecd76f-9988-477e-991c-8bfa70be1108'),
('79ddd59b-e9c5-4a9d-92a9-c6363761c08f', 'TUE', '13:15', '15:45', '3ce60d9a-ebc9-4d60-9602-d6ccb67e838b', '99f38bee-ee5b-430b-9d1b-6312d1909b21'),
('4eaad225-85ce-4b07-a7c2-1e353482badb', 'WED', '8:00', '10:30', 'bae987dd-27cc-4c50-9786-42ed76d8cc35', '826a4c7d-d712-40e2-b12c-75f5e1f9e5ef'),
('f5872d75-4d8c-4a26-84af-1abc6f507f17', 'THU', '10:35', '13:05', 'aeb6639d-f6e7-4351-8045-4f5fe08a2b55', '397e29f9-6942-41a4-8a2e-c6c4ebcf1d42'),
('6085491e-5012-4f19-a562-b1e4864320e6', 'FRI', '13:15', '15:45', 'b8eabc40-b300-4256-a906-336d1f38e848', '3fac6ba5-062c-4b44-bbab-6b9e6fbe8e9f'),
('ddc6eb13-95ae-4ad1-8e09-5db6cf885227', 'SAT', '8:00', '10:30', 'cbf34f7c-5afc-454d-98ac-0cd65c84cbf3', '13ef45cb-23d2-4ecc-abad-1e7510fb2b6a'),
('0bf5ea6f-19b1-4f73-a970-fc1e4652b6b5', 'MON', '13:15', '15:45', '7b21890b-3742-4f9c-a21f-026cb69fbaa2', '5f90c3e3-c0ef-46db-bad5-646b95ea44d2'),
('f7e5799a-1f6e-43b5-b4a1-717474baa410', 'TUE', '8:00', '10:30', '72b41759-af09-44fb-a820-b55e4214c616', '7c9e969b-4afa-4be7-b333-3499d3fce587'),
('ee5e13ec-87d8-4098-bc96-13766caeaed8', 'WED', '10:35', '13:05', 'a796dac1-afdb-465b-abf8-0ca5da69e9f6', 'b0230835-e901-4a8c-8d2a-79aa11b6c402'),
('d04dd067-46ad-4515-9b80-a4a95f9b95e4', 'THU', '13:15', '15:45', '27f21764-3300-4bbd-ad5c-6cf9ee150c66', '5dcceb22-055c-4e44-9153-c57ca1300edd'),
('35dd44b3-26d8-4fb6-87dc-3186cc9c3535', 'FRI', '8:00', '10:30', 'a74f49fd-10bc-47c7-9bb5-62def14e16dd', '1d989c9d-c8cd-4d95-91c2-959e74615e45'),
('654a94c4-6486-4ac6-b7a7-8e74873966e0', 'SAT', '10:35', '13:05', 'a54a7d5c-60dd-4231-80c4-192391864674', '97d00904-1e68-4299-91d4-e3325243c7cc'),
('b4b037f9-c3f5-46ad-b7ef-30d8b29042e0', 'MON', '8:00', '10:30', '9a133733-4f06-4e4d-a8d1-1db0002a4265', '003d5d18-e83d-46e4-a7bc-ad561459ba6c'),
('def51b79-f741-4824-b765-6ec7b7a211b7', 'TUE', '10:35', '13:05', '314443df-6a2b-4ae4-8ef9-a7335fb31c08', '79338b32-f031-421b-b1cf-b580f386ec66'),
('b5aa0c3a-9bac-41b7-a56a-2d0f7287a2da', 'WED', '13:15', '15:45', 'f530676c-1b21-4456-bd2a-8478e5d3d87e', '2a49e762-b088-49df-bb2c-87d2af055378'),
('bce9180d-2c0a-48da-88b8-63f11c828068', 'THU', '8:00', '10:30', '94e530e9-19a6-4175-9b6e-10ddd3663e1f', '48ee07e7-28a0-4533-b854-1cdd8c634cb2'),
('fdf48115-2a5b-4d5d-a725-9829ab23b2c8', 'FRI', '10:35', '13:05', '0f4301d4-e95e-4b6e-902b-461a3f23136f', '468e25b7-68ce-4640-be1a-5122e5c39f1a'),
('de93ad4b-35d6-4a5d-9eb8-f59206eb391c', 'SAT', '13:15', '15:45', 'b70a4ee0-e628-47d0-9be2-7e7732e101d6', '48ad3941-5e31-4b2e-8c5a-971c3a123f0b'),
('f8d9d389-a136-4f93-bff3-62a06be9b2f7', 'MON', '10:35', '13:05', '550bf504-6151-4b87-aede-f5a59b45726c', '2213fbad-9fff-4b99-a02b-8139cebe6767'),
('d5a5575b-efe3-4f1b-9588-5ab68e7e1d6c', 'TUE', '13:15', '15:45', 'cfa95dd9-5cb4-412b-8479-d2cb700699fb', '0aab24dd-629e-4b89-9613-1e4f5e08339b'),
('7b9ac2fc-92ae-4231-9567-e1e202f9c3ba', 'WED', '8:00', '10:30', 'eda3168c-9a7f-4e28-a507-61de86c026f7', 'bea1d52f-684c-4a16-a0eb-14287bbd4205'),
('2f913884-606e-4c22-a5b9-718bebbcedef', 'THU', '10:35', '13:05', 'aa1eff1c-f7a5-4a50-99d7-049906d8aeeb', 'b789250f-52b8-4e7b-b927-877bf09a0816'),
('c09ed0c2-193e-4fb7-9e0a-93f14e4e42e6', 'FRI', '13:15', '15:45', '737bccac-c397-4485-b105-825e07e650e6', '8870023d-29fb-433e-ba10-bd2645353fb9'),
('c86e69fb-c9eb-46f0-a831-2e1e41f683ef', 'SAT', '8:00', '10:30', '96aa8ef4-da3b-4458-b412-3d5906329f1c', '689c01fb-54ec-4482-9ea1-4f94bb1cbf72'),
('8ef000d6-5ed4-4c9f-8ce7-98c93b2f740c', 'MON', '13:15', '15:45', 'b64f8ddf-19d2-4ba7-91a0-c7e0f2403ec8', '1efef12d-af25-4174-aac0-fece5a275eb0'),
('9925e46b-82db-432e-b632-5bf3d32ef119', 'TUE', '8:00', '10:30', '34ece904-3432-4a08-906f-db8b70d08909', 'f8fa956a-4864-4753-ad23-c41b62a80d1c'),
('3593bc74-6fa3-4d34-80cb-4dbaf49a78a5', 'WED', '10:35', '13:05', 'eccbb8c2-6ce9-4241-a2f7-43505165ec5a', '6ca8f533-a10e-4a55-bb1e-6dcd368b5669'),
('30e34b98-cfdf-48c9-87b4-7bfd80139bf5', 'THU', '13:15', '15:45', '12ff6def-ac57-4131-8df0-3db87e34cbae', '5f835ca0-af38-4537-8572-a0eeb19fa76e'),
('b21225a3-2b1e-46c8-b5cf-e0ee4bd5e11c', 'FRI', '8:00', '10:30', 'a5310304-a926-43c2-b691-28933a229a71', 'c09bf472-b9a4-47f1-9ac8-d72864ee91f9'),
('73ee2bfe-3545-4632-b128-30840b99d10c', 'SAT', '10:35', '13:05', 'd362bcbf-ebb3-4222-982b-ecad9399f68b', '48d29580-98df-4746-adc5-315c5b3c6d41'),
('c1211942-3185-46c7-8887-c5c28104c63b', 'MON', '8:00', '10:30', 'c1a56ac4-b6d7-4882-9ec6-a472950cf327', '911f6e6f-1f6f-4807-9453-bb22afad2e01'),
('66747899-a492-41ff-88c9-829032991b5b', 'TUE', '10:35', '13:05', '4b989ae2-5254-4986-958b-9fbc5ce73981', 'ab36260c-41cb-42bb-9dc6-21c168f2c54c'),
('fd8aedaa-5f84-4397-82bb-3745dc1b48ba', 'WED', '13:15', '15:45', '1ec48944-d066-4a4b-9182-c794d5bb01fc', '94cf203c-bcaa-4ea1-be47-41bbdb5d396b'),
('5a030a03-6348-44f1-a033-c9d0254aae56', 'THU', '8:00', '10:30', '97b8f3f9-b812-4d45-a1f7-c84702067122', 'a450439d-bf54-4430-abd6-e3556dc5d429'),
('1020a0db-b60a-4922-b322-b1b6d81a7b4d', 'FRI', '10:35', '13:05', '4e9dc1c0-39ae-4bd2-8ea9-2d48f7e8f8f0', '1d387e26-470a-46a3-809e-60b474512768'),
('406f94fa-e56f-4acf-a431-26d2e776e043', 'SAT', '13:15', '15:45', '1ce340c8-f9b2-4c7f-ad58-38deab8e7c1b', '541a1295-a4d9-4ec9-a37b-547a3a997509'),
('a5b6a0da-f8e5-43cd-897e-b62c86b75393', 'MON', '10:35', '13:05', 'a75501db-2697-465c-934d-c8d65f079af3', '452e2569-1232-4c1f-8449-f108d00f8323'),
('0b38ec17-8db8-4dd1-ad71-087f33bfff47', 'TUE', '13:15', '15:45', 'add6eaf9-024b-458a-9d45-65c9b879fcf1', 'a0be182d-3a18-4580-85d8-07edb876a286'),
('dc6aebd6-d7f4-4bac-a465-f57db8b31435', 'WED', '8:00', '10:30', 'ce23fcfe-99ef-4713-a131-f0ef7f1c4f2d', '9ad52762-f784-42f3-8071-60cc0d0d87ea'),
('fc230285-a6d4-406e-a674-8beaa3417227', 'THU', '10:35', '13:05', 'f966b019-d288-4479-bf06-3fa345e193e6', '762eea5f-f7a3-407f-8d01-bcb21892a232'),
('5c562702-2ee8-4b4b-952f-9695a7784f2d', 'FRI', '13:15', '15:45', '5dbb5d3c-018d-4844-bf65-9943a2376717', 'ead1eeb5-11fd-4772-be5c-6e4f840bdde3'),
('a3b6267d-f335-4f9f-849c-5de139aee97f', 'SAT', '8:00', '10:30', 'f966b019-d288-4479-bf06-3fa345e193e6', 'f7979367-8a5f-4472-a262-b6d84731c7dd'),
('e286f617-d84d-4daa-8187-73cbf9503a15', 'MON', '13:15', '15:45', '5dbb5d3c-018d-4844-bf65-9943a2376717', '05906255-ce5c-49bd-8464-f4e8eaba034a'),
('87d265ac-126d-4190-aaaa-e6563b9d6680', 'TUE', '8:00', '10:30', 'f966b019-d288-4479-bf06-3fa345e193e6', '10105720-d6ee-4925-b856-433117c42229'),
('db8d5c3b-2d87-428e-88a4-fa2df4e61f38', 'WED', '10:35', '13:05', '5dbb5d3c-018d-4844-bf65-9943a2376717', '7fc08e57-1ee8-41d3-89c5-0e6525398329');

INSERT INTO Room (id, room_number, capacity, is_lab) VALUES
('dfc357fb-53ab-4c33-83cb-70f69a48bd3e', 'A1.101', 100, 0),
('752beba1-e01d-41b1-95ee-a77c2e265fba', 'A1.102', 100, 0),
('ace71f6b-fa5f-4084-a715-782d574d73a7', 'A1.103', 100, 0),
('8dc24392-9088-48b6-a203-2d62ed45e965', 'A1.104', 100, 0),
('760cd338-aee7-4660-adc0-33a776884621', 'A1.105', 100, 0),
('6a0212c1-42f2-489b-9448-7ec71f8c1e45', 'A1.106', 100, 0),
('29dcd02f-166d-42b8-86d8-39fc844eb98d', 'A1.107', 100, 0),
('5d01a224-c10f-437a-8242-3cc30e7a1e29', 'A1.108', 100, 0),
('1b2e622d-20aa-4ce3-b0d7-71783d9bebc1', 'A1.109', 100, 0),
('c597fef4-51b9-4f54-8294-56ec195a9d29', 'A2.101', 70, 0),
('5c0a0c16-2423-41b0-b814-ed8c365229a4', 'A2.102', 70, 0),
('068e7935-9c3f-4a35-98d2-9a096aafd372', 'A2.103', 70, 0),
('08f9b64f-40e7-44fb-936f-2b05766c35c3', 'A2.104', 70, 0),
('3649d9e7-0714-4886-b96a-2fca85381709', 'A2.105', 70, 0),
('19d69649-ecef-46c2-b09c-9690b3f81e0a', 'A2.106', 70, 0),
('cc504e1e-918c-496a-9578-007b086d2068', 'A2.107', 70, 0),
('6b7d2686-4dfc-469c-a128-b52fdb123d43', 'A2.108', 70, 0),
('f7af5a21-ffb0-4655-afeb-8a7398770415', 'A2.109', 70, 0),
('9894ef86-d5c1-4e57-9384-c293832e01a0', 'A1.201', 100, 0),
('aad67cc1-24df-475b-8c22-810b71416c4a', 'A1.202', 100, 0),
('43181f8c-8db5-49bf-8c1a-d2f2c6de1026', 'A1.203', 100, 0),
('4a891d91-be23-4fbc-9111-a0c11637c33e', 'A1.204', 100, 0),
('6eb4dddb-f979-4d86-a2ca-df0763ff1235', 'A1.205', 100, 0),
('97dcea2f-6bbf-4793-870d-ecd9449f7ce1', 'A1.206', 100, 0),
('9806ee57-123d-46c7-bb81-b463d3294de8', 'A1.207', 100, 0),
('7dbf6c37-13b6-4133-a9b4-075947bd9b69', 'A1.208', 100, 0),
('aec30a67-a764-4fa3-9540-d67fdef3d34c', 'A1.209', 100, 0),
('4c87ea32-e83e-4281-b0ad-12322e903bf0', 'A2.201', 70, 0),
('9d8f1160-4d87-48cb-abf5-ba22b5a93879', 'A2.202', 70, 0),
('4e368a0a-8e52-4450-ac5d-483fcf120a40', 'A2.203', 70, 0),
('7b34c9aa-f86e-4fa1-b65e-18d86cf651ee', 'A2.204', 70, 0),
('78586488-efda-42d5-99b7-d6a851bfc304', 'A2.205', 70, 0),
('9b466629-2149-4147-8e7e-f0e22139bb7b', 'A2.206', 70, 0),
('e25e5999-21f6-47da-87b5-d4dd1f73f0b3', 'A2.207', 70, 0),
('401f8012-3f12-45f0-b19e-a0cb3bdfccc9', 'A2.208', 70, 0),
('1ada7b27-5aec-40f0-958f-ed4e9b92c09d', 'A2.209', 70, 0),
('b4aebec5-0e56-4412-9eea-3f2312dcbd24', 'A1.301', 100, 0),
('76b81911-d8c2-4d67-9a76-b6ceac63d743', 'A1.302', 100, 0),
('a3916569-3ad6-4cbf-a277-90dec604e386', 'A1.303', 100, 0),
('06303feb-23d0-402c-a29c-39e8cfa006f6', 'A1.304', 100, 0),
('bfcf3f38-4f97-4d8f-9376-7ecd45c32b17', 'A1.305', 100, 0),
('708a2966-3683-41d0-8f00-25eb9b011d3c', 'A1.306', 100, 0),
('ac9291dc-0dd7-49b3-aa93-10a6973c6e1a', 'A1.307', 100, 0),
('c55196e2-7b42-48ef-8dab-78fae2afad0b', 'A1.308', 100, 0),
('e9c87f1a-eb5e-47c2-8f30-5701387e4cbe', 'A1.309', 100, 0),
('9d516378-4f08-4532-8b5d-ec1948f53c32', 'A2.301', 70, 0),
('8de700fd-10a1-48d5-b987-8b690a192ea0', 'A2.302', 70, 0),
('5c20556d-287f-4384-a927-7a9195525d3d', 'A2.303', 70, 0),
('1ce737fd-3e09-4cd5-b3d6-5d13975699b3', 'A2.304', 70, 0),
('850c3163-d30c-454c-9376-90d0dd28feb2', 'A2.305', 70, 0),
('ab60bcdc-09f8-4b45-8a39-22f660704d44', 'A2.306', 70, 0),
('577cfd5f-ba71-4602-98b0-69e952d623fe', 'A2.307', 70, 0),
('0ba8196b-b5e8-4bd2-a44c-99abb4a58747', 'A2.308', 70, 0),
('f290d67a-8e74-4bf9-a506-60416a0f9e9e', 'A2.309', 70, 0),
('e439a371-b778-4adf-a461-9cba0dc831e0', 'A1.401', 100, 0),
('21df47b8-bcf8-496a-851c-08919561ce4a', 'A1.402', 100, 0),
('44542511-2110-4e47-a9b2-80d88eaf1e3c', 'A1.403', 100, 0),
('19c9f923-dfea-43fd-86fe-a83c856b9965', 'A1.404', 100, 0),
('e5bc4b56-2209-4dfa-9b60-77e116a9abde', 'A1.405', 100, 0),
('dfecd76f-9988-477e-991c-8bfa70be1108', 'A1.406', 100, 0),
('99f38bee-ee5b-430b-9d1b-6312d1909b21', 'A1.407', 100, 0),
('826a4c7d-d712-40e2-b12c-75f5e1f9e5ef', 'A1.408', 100, 0),
('397e29f9-6942-41a4-8a2e-c6c4ebcf1d42', 'A1.409', 100, 0),
('3fac6ba5-062c-4b44-bbab-6b9e6fbe8e9f', 'A2.401', 70, 0),
('13ef45cb-23d2-4ecc-abad-1e7510fb2b6a', 'A2.402', 70, 0),
('5f90c3e3-c0ef-46db-bad5-646b95ea44d2', 'A2.403', 70, 0),
('7c9e969b-4afa-4be7-b333-3499d3fce587', 'A2.404', 70, 0),
('b0230835-e901-4a8c-8d2a-79aa11b6c402', 'A2.405', 70, 0),
('5dcceb22-055c-4e44-9153-c57ca1300edd', 'A2.406', 70, 0),
('1d989c9d-c8cd-4d95-91c2-959e74615e45', 'A2.407', 70, 0),
('97d00904-1e68-4299-91d4-e3325243c7cc', 'A2.408', 70, 0),
('003d5d18-e83d-46e4-a7bc-ad561459ba6c', 'A2.409', 70, 0),
('79338b32-f031-421b-b1cf-b580f386ec66', 'A1.501', 100, 0),
('2a49e762-b088-49df-bb2c-87d2af055378', 'A1.502', 100, 0),
('48ee07e7-28a0-4533-b854-1cdd8c634cb2', 'A1.503', 100, 0),
('468e25b7-68ce-4640-be1a-5122e5c39f1a', 'A1.504', 100, 0),
('48ad3941-5e31-4b2e-8c5a-971c3a123f0b', 'A1.505', 100, 0),
('2213fbad-9fff-4b99-a02b-8139cebe6767', 'A1.506', 100, 0),
('0aab24dd-629e-4b89-9613-1e4f5e08339b', 'A1.507', 100, 0),
('bea1d52f-684c-4a16-a0eb-14287bbd4205', 'A1.508', 100, 0),
('b789250f-52b8-4e7b-b927-877bf09a0816', 'A1.509', 100, 0),
('8870023d-29fb-433e-ba10-bd2645353fb9', 'A2.501', 70, 0),
('689c01fb-54ec-4482-9ea1-4f94bb1cbf72', 'A2.502', 70, 0),
('1efef12d-af25-4174-aac0-fece5a275eb0', 'A2.503', 70, 0),
('f8fa956a-4864-4753-ad23-c41b62a80d1c', 'A2.504', 70, 0),
('6ca8f533-a10e-4a55-bb1e-6dcd368b5669', 'A2.505', 70, 0),
('5f835ca0-af38-4537-8572-a0eeb19fa76e', 'A2.506', 70, 0),
('c09bf472-b9a4-47f1-9ac8-d72864ee91f9', 'A2.507', 70, 0),
('48d29580-98df-4746-adc5-315c5b3c6d41', 'A2.508', 70, 0),
('911f6e6f-1f6f-4807-9453-bb22afad2e01', 'A2.509', 70, 0),
('ab36260c-41cb-42bb-9dc6-21c168f2c54c', 'A1.601', 50, 0),
('94cf203c-bcaa-4ea1-be47-41bbdb5d396b', 'A1.602', 50, 0),
('a450439d-bf54-4430-abd6-e3556dc5d429', 'A1.603', 50, 0),
('1d387e26-470a-46a3-809e-60b474512768', 'A1.604', 50, 1),
('541a1295-a4d9-4ec9-a37b-547a3a997509', 'A1.605', 50, 1),
('452e2569-1232-4c1f-8449-f108d00f8323', 'A1.606', 50, 1),
('a0be182d-3a18-4580-85d8-07edb876a286', 'A1.607', 50, 1),
('9ad52762-f784-42f3-8071-60cc0d0d87ea', 'A1.608', 50, 1),
('762eea5f-f7a3-407f-8d01-bcb21892a232', 'A1.609', 50, 1),
('ead1eeb5-11fd-4772-be5c-6e4f840bdde3', 'A2.601', 50, 0),
('f7979367-8a5f-4472-a262-b6d84731c7dd', 'A2.602', 50, 0),
('05906255-ce5c-49bd-8464-f4e8eaba034a', 'A2.603', 50, 0),
('10105720-d6ee-4925-b856-433117c42229', 'A2.604', 50, 0),
('7fc08e57-1ee8-41d3-89c5-0e6525398329', 'A2.605', 50, 0),
('433db76e-018c-41cf-b174-2ea79c51eb45', 'A2.606', 50, 0),
('7356fba2-7513-48ab-8ee7-47151f79af0b', 'A2.607', 50, 0),
('9d2a6334-1deb-4d41-bf9b-fa08d224c18c', 'A2.608', 50, 0),
('3b9de867-3eb6-4797-9697-ee142f5bd76e', 'A2.609', 50, 0);

INSERT INTO System_Setting (id, `key`, `value`, description, created_by, updated_by) VALUES
('b3017a61-12f5-47e0-90a1-7cbe22f281da', 'SEMESTER_START_DATE', '2026-09-07', 'The start date of the active semester (YYYY-MM-DD)', 'SYSTEM', 'SYSTEM'),
('c4127a92-23f6-58f0-a1b2-8dce33f392db', 'SEMESTER_END_DATE', '2027-01-15', 'The end date of the active semester (YYYY-MM-DD)', 'SYSTEM', 'SYSTEM')
ON DUPLICATE KEY UPDATE `value` = VALUES(`value`);

